Chapter,Research lane,Coverage status,Confirmed records,Released/declassified/partial records,Restricted/possibly restricted records,Partial-release records,Confirmed pages,Potential leads,High/critical leads,Critical leads,Public/context leads,Date span,Related gap count,Related gaps,Search terms,Source pools,Representative confirmed records,Priority leads,Next action
Afghanistan,"Afghanistan policy, civil war, and aid",Access-heavy,21,4,17,0,425 pages,12,5,0,7,1989-01-01 to 1992-10-07,2,Critical: Recover page-level boundaries in Haass and meeting-file PDFs; High: Screen Cheney Country Files before closing the source search,afghanistan; afghan; mujahideen; mojaddedi; non-lethal; humanitarian; resistance; kabul,H-Files - National Security Review (NSR) Files; H-Files - National Security Council (NSC)/Deputies Committee (DC) Meetings Files; H-Files - National Security Council (NSC) Meeting Files; H-Files - National Security Directive (NSD) Files; Presidential Correspondence Files; Richard N. Haass' Meeting Files; Richard N. Haass' Presidential Meeting Files; NSC files,"Doc 1.001: NSR-1 - February 07, 1989 - Afghanistan: NAID 446394923; Doc 1.002: NSC/DC 001 - February 08, 1989 - NSC/DC Meeting on Afghanistan, Keywords: Afghanistan: NAID 470760975; Doc 1.003: NSC0001 - February 10, 1989 - Afghanistan: NAID 470760885; Doc 1.004: NSD-3 - February 13, 1989 - U.S. Policy toward Afghanistan (File located @ LM): NAID 446396813; +17 more",High: Working Files - Afghanistan 1989-1992 [2]: NAID 470426597; High: Afghanistan: NAID 645607685; High: Afghanistan - Charles: NAID 470426255; High: Afghanistan [1]: NAID 645607321; High: Afghanistan [2]: NAID 645607323; +7 more,"Finish page-boundary screening in Haass and Cheney files, then decide which restricted NSC/H-Files records become selected documents or cite-only context. Gap cue: Prioritize Haass Working Files 470426597, Haass Meeting File 470426255, Mojaddedi 470426381, Bangladesh Zia 428082145, and Pakistan nuclear meeting files 470426231, 470426238, and 470426240."
Pakistan,"Pakistan leadership, aid, and bilateral management",Gap-linked review,26,14,12,1,348 pages,10,6,0,4,1989-01-20 to 1992-12-03,6,"Critical: Recover page-level boundaries in Haass and meeting-file PDFs; High: Build an India policy lane beyond leader conversations; High: Pair the Pakistan nuclear sequence with non-H-Files sources; High: Screen Cheney Country Files before closing the source search; Medium: Audit source notes, titles, and provenance before final numbering; Medium: Curate Public Papers as locators, not automatic document candidates",pakistan; bhutto; nawaz; sharif; ghulam; disaster; assistance; aid,Presidential Telcon Files; Presidential Memcon Files; Presidential Correspondence Files; H-Files - National Security Council (NSC)/Deputies Committee (DC) Meetings Files; Richard N. Haass' Meeting Files; NSC files; Cheney collection; Public Papers,Doc 2.001: Memorandum of Telephone Conversation: NAID 428079777; Doc 2.002: Memorandum of Telephone Conversation: NAID 428079809; Doc 2.003: Memorandum of Conversation: NAID 428079859; Doc 2.004: Memorandum of Conversation: NAID 366551660; +22 more,High: Pakistan-India: NAID 470437053; High: Pakistan: NAID 645608235; High: Pakistan [A]: NAID 645607905; High: Pakistan [A]: NAID 645607531; High: Pakistan [B]: NAID 645607533; +5 more,"Separate policy-bearing presidential conversations from public/context locators and verify source notes against the PDF or citation sheet. Gap cue: Prioritize Haass Working Files 470426597, Haass Meeting File 470426255, Mojaddedi 470426381, Bangladesh Zia 428082145, and Pakistan nuclear meeting files 470426231, 470426238, and 470426240."
Pakistan,"Pakistan nuclear, sanctions, and security",Access-heavy,3,0,3,0,185 pages,1,0,0,1,1990-10-09 to 1993-01-19,4,"Critical: Recover page-level boundaries in Haass and meeting-file PDFs; High: Build an India policy lane beyond leader conversations; High: Pair the Pakistan nuclear sequence with non-H-Files sources; Medium: Curate Public Papers as locators, not automatic document candidates",nuclear; nonproliferation; proliferation; pressler; f-16; stinger; sanctions,H-Files - National Security Council (NSC) Meeting Files; H-Files - National Security Directive (NSD) Files; Public Papers,"Doc 2.024: NSC0056 - October 09, 1990 - Nuclear Matters, Middle East and Gulf, Proliferation [1]: NAID 470760963; Doc 2.025: NSC0056 - October 09, 1990 - Nuclear Matters, Middle East and Gulf, Proliferation [2]: NAID 470760964; Doc 2.028: NSD-70 - July 10, 1992 - U.S. Nonproliferation Policy: NAID 446396904",Medium: Letter to Congressional Leaders Reporting on Nuclear Nonproliferation,"Pair the restricted H-Files nuclear sequence with Gates, Cheney, and Haass companion files before treating the 1990 policy arc as complete. Gap cue: Prioritize Haass Working Files 470426597, Haass Meeting File 470426255, Mojaddedi 470426381, Bangladesh Zia 428082145, and Pakistan nuclear meeting files 470426231, 470426238, and 470426240."
India,"India economic reform, trade, and embassy files",Missing lane,0,0,0,0,,0,0,0,0,,2,"High: Build an India policy lane beyond leader conversations; Medium: Curate Public Papers as locators, not automatic document candidates",economic reform; trade; economic; embassy; commerce,,,,"Use this as a search lane for WHORM, State, and embassy files; do not close the India chapter until this lane has been consciously ruled in or out. Gap cue: Search India with Rao, Venkataraman, Gandhi, Shankar, Kashmir, nuclear, nonproliferation, economic reform, trade, and defense terms."
India,"India Kashmir, nuclear, and regional security",Missing lane,0,0,0,0,,0,0,0,0,,5,"Critical: Recover page-level boundaries in Haass and meeting-file PDFs; High: Build an India policy lane beyond leader conversations; High: Pair the Pakistan nuclear sequence with non-H-Files sources; High: Split the Regional lane into Kashmir, Bangladesh, and other South Asia tracks; Medium: Curate Public Papers as locators, not automatic document candidates",kashmir; nuclear; nonproliferation; defense,,,,"Screen Kashmir, Gates, and Haass leads so the India chapter is not limited to leader calls and Cheney country folders. Gap cue: Prioritize Haass Working Files 470426597, Haass Meeting File 470426255, Mojaddedi 470426381, Bangladesh Zia 428082145, and Pakistan nuclear meeting files 470426231, 470426238, and 470426240."
India,India leadership and bilateral policy,Gap-linked review,10,8,2,1,122 pages,8,7,0,1,1989-01-20 to 1992-02-24,3,"High: Build an India policy lane beyond leader conversations; High: Screen Cheney Country Files before closing the source search; Medium: Audit source notes, titles, and provenance before final numbering",india; gandhi; singh; rao; venkataraman; shankar; pickering; new delhi,Presidential Memcon Files; Presidential Correspondence Files; H-Files - National Security Council (NSC)/Deputies Committee (DC) Meetings Files; Presidential Telcon Files; Cheney collection; Public Papers,"Doc 3.001: Memorandum of Conversation: NAID 428079855; Doc 3.002: Memorandum of Conversation: NAID 366551661; Doc 3.003: NSC/DC 022 - May 04, 1989 - NSC/DC Meeting on South Asia, Keywords: South Asia, India (File located @ LM): NAID 470760996; Doc 3.004: Memorandum of Telephone Conversation: NAID 428080057; +6 more",High: India: NAID 645607415; High: India [1]: NAID 645608141; High: India [1]: NAID 645607135; High: India [2]: NAID 645608143; High: India [2]: NAID 645607137; +3 more,"Build staff-file support for the leadership chronology, especially around the 1991-1992 transition to Rao-era policy. Gap cue: Search India with Rao, Venkataraman, Gandhi, Shankar, Kashmir, nuclear, nonproliferation, economic reform, trade, and defense terms."
Regional,Bangladesh and smaller South Asia states,Thin; promote or exclude leads,1,1,0,0,6 pages,2,2,2,0,1989-01-20 to 1992-03-19,4,"Critical: Recover page-level boundaries in Haass and meeting-file PDFs; High: Screen Cheney Country Files before closing the source search; High: Split the Regional lane into Kashmir, Bangladesh, and other South Asia tracks; Medium: Audit source notes, titles, and provenance before final numbering",bangladesh; zia; khaleda; milam; sri lanka; maldives,Presidential Memcon Files; NSC files; Cheney collection,Doc 4.006: Memorandum of Conversation: NAID 428082145,"Critical: President's Meeting with Prime Minister Zia of Bangladesh - March 19, 1992: NAID 470426266; Critical: Bangladesh: NAID 645608041","Resolve the Bangladesh Zia internal/public pair and keep Sri Lanka/Maldives public items contextual until internal files are located. Gap cue: Prioritize Haass Working Files 470426597, Haass Meeting File 470426255, Mojaddedi 470426381, Bangladesh Zia 428082145, and Pakistan nuclear meeting files 470426231, 470426238, and 470426240."
Regional,Kashmir cross-border crisis,Lead-only lane,0,0,0,0,,2,2,2,0,1989-01-20 to 1990-03-26,2,"High: Build an India policy lane beyond leader conversations; High: Split the Regional lane into Kashmir, Bangladesh, and other South Asia tracks",kashmir,NSC files,,"Critical: Letters on Kashmir: NAID 470426145; Critical: NSC/DC [Deputies Committee] Teleconference - March 26, 1990 Re: Kashmir: NAID 470426225","Screen the Kashmir letters and teleconference leads, then decide whether the material belongs in India, Pakistan, or a regional crisis sub-lane. Gap cue: Search India with Rao, Venkataraman, Gandhi, Shankar, Kashmir, nuclear, nonproliferation, economic reform, trade, and defense terms."
Regional,Regional South Asia strategy,Gap-linked review,5,2,3,0,252 pages,5,0,0,4,1989-01-20 to 1992-11-02,2,"High: Split the Regional lane into Kashmir, Bangladesh, and other South Asia tracks; Medium: Curate Public Papers as locators, not automatic document candidates",south asia; regional; refugee,H-Files - National Security Review (NSR) Files; H-Files - National Security Council (NSC)/Deputies Committee (DC) Meetings Files; H-Files - National Security Directive (NSD) Files; Presidential Correspondence Files; Presidential Memcon Files; Public Papers; Catalog lead,"Doc 4.001: NSR-8 - February 22, 1989 - U.S. Policy Toward South Asia: NAID 446394933; Doc 4.002: NSC/DC 017 - April 07, 1989 - NSC/DC Meeting on South Asia, Keywords: South Asia: NAID 470760991; Doc 4.003: NSD-20 - August 29, 1989 - U.S. Policy toward South Asia: NAID 446396836; Doc 4.004: Memorandum of Conversation: NAID 366551664; +1 more","Medium: Presidential Determination No. 93-1--Memorandum on Refugee Admissions; Medium: Statement by Press Secretary Fitzwater on the President's Meeting With Prime Minister Begum Khaleda Zia of Bangladesh; Medium: Milam, William - AMB to Bangladesh: NAID 286185941; Low: Nomination of Teresita Currie Schaffer To Be United States Ambassador to Sri Lanka and Maldives; Low: WHPO-P37850: NAID 543965098",Keep true regionwide strategy files distinct from Kashmir and Bangladesh so selection rationale stays clear. Gap cue: Promote Kashmir leads 470426145 and 470426225 into a focused review queue.
