Item type,Decision (Select / Exclude / Defer / Cite only / Resolved),Decision date,Owner,Decision rationale,Follow-up,Item ID,Compiler #,Priority or queue,Chapter or lane,Date,Title,Status,Pages,NAID or target records,Source locator,Next action,Source note or need,Catalog URL,PDF URL
Confirmed record,,,,,,bush-library-428079777,2.001,Released chronology,Pakistan,1989-01-23,Memorandum of Telephone Conversation,Full,1 page,428079777; [Memorandum of Telephone Conversations (Telcons) - January 1989-July 1989]: January 1989,Records of the National Security Council (George H. W. Bush Administration) | Presidential Telcon Files | [Memorandum of Telephone Conversations (Telcons) - January 1989-July 1989]: January 1989 | 1989-01-23--Bhutto.pdf,"Resolve compiler risk: catalog-derived-source-note. Use Daily Diary/Backup only for chronology, time, location, attendees, and call status.","Source: George H.W. Bush Library, National Security Council, Presidential Telcon Files, [Memorandum of Telephone Conversations (Telcons) - January 1989-July 1989]: January 1989. Full release.",https://catalog.archives.gov/id/428079777,https://s3.us-east-1.amazonaws.com/NARAprodstorage/lz/presidential-libraries/bush/gb-nsc/321498139/1989-01-23--Bhutto.pdf
Confirmed record,,,,,,bush-library-428079809,2.002,Released chronology,Pakistan,1989-01-25,Memorandum of Telephone Conversation,Full,1 page,428079809; [Memorandum of Telephone Conversations (Telcons) - January 1989-July 1989]: January 1989,Records of the National Security Council (George H. W. Bush Administration) | Presidential Telcon Files | [Memorandum of Telephone Conversations (Telcons) - January 1989-July 1989]: January 1989 | 1989-01-25--Khan.pdf,"Resolve compiler risk: catalog-derived-source-note. Use Daily Diary/Backup only for chronology, time, location, attendees, and call status.","Source: George H.W. Bush Library, National Security Council, Presidential Telcon Files, [Memorandum of Telephone Conversations (Telcons) - January 1989-July 1989]: January 1989. Full release.",https://catalog.archives.gov/id/428079809,https://s3.us-east-1.amazonaws.com/NARAprodstorage/lz/presidential-libraries/bush/gb-nsc/321498139/1989-01-25--Khan.pdf
Confirmed record,,,,,,nsc-source-446394923,1.001,Review ledger,Afghanistan,1989-02-07,"NSR-1 - February 07, 1989 - Afghanistan",Restricted - Possibly,30 pages,446394923; 90006-001,Records of the National Security Council (George H. W. Bush Administration) | H-Files - National Security Review (NSR) Files | 90006-001 | 41-bpr-nsc-hfiles-nsr-1-90006-001.pdf,Review access status and confirm whether the item can be selected or only cited as withheld/restricted context. Resolve compiler risk: catalog-derived-source-note; declassification-review.,"Source: George H.W. Bush Library, National Security Council, H-Files, NSR Files, NSR-1 - February 07, 1989 - Afghanistan, 90006-001. Access restriction: Restricted - Possibly.",https://catalog.archives.gov/id/446394923,https://s3.amazonaws.com/NARAprodstorage/lz/presidential-libraries/bush/gb-nsc/H-Files/NSRs_313189297/41-bpr-nsc-hfiles-nsr-1-90006-001.pdf
Confirmed record,,,,,,nsc-source-470760975,1.002,Review ledger,Afghanistan,1989-02-08,"NSC/DC 001 - February 08, 1989 - NSC/DC Meeting on Afghanistan, Keywords: Afghanistan",Restricted - Possibly,52 pages,470760975; 90009-001,Records of the National Security Council (George H. W. Bush Administration) | H-Files - National Security Council (NSC)/Deputies Committee (DC) Meetings Files | 90009-001 | 41-bpr-nsc-hfiles-dc_mtgs-1-90009-001.pdf,Review access status and confirm whether the item can be selected or only cited as withheld/restricted context. Resolve compiler risk: catalog-derived-source-note; declassification-review.,"Source: George H.W. Bush Library, National Security Council, H-Files, NSC/DC Meetings Files, NSC/DC 001 - February 08, 1989 - NSC/DC Meeting on Afghanistan, Keywords: Afghanistan, 90009-001. Access restriction: Restricted - Possibly.",https://catalog.archives.gov/id/470760975,https://s3.amazonaws.com/NARAprodstorage/lz/presidential-libraries/bush/gb-nsc/H-Files/NSC-DC_Mtgs_312294079/41-bpr-nsc-hfiles-dc_mtgs-1-90009-001.pdf
Confirmed record,,,,,,nsc-source-470760885,1.003,Review ledger,Afghanistan,1989-02-10,"NSC0001 - February 10, 1989 - Afghanistan",Restricted - Possibly,20 pages,470760885; 90000-001,Records of the National Security Council (George H. W. Bush Administration) | H-Files - National Security Council (NSC) Meeting Files | 90000-001 | 41-bpr-nsc-hfiles-nsc_mtgs-1-90000-001.pdf,Review access status and confirm whether the item can be selected or only cited as withheld/restricted context. Resolve compiler risk: catalog-derived-source-note; declassification-review.,"Source: George H.W. Bush Library, National Security Council, H-Files, NSC Meetings Files, NSC0001 - February 10, 1989 - Afghanistan, 90000-001. Access restriction: Restricted - Possibly.",https://catalog.archives.gov/id/470760885,https://s3.amazonaws.com/NARAprodstorage/lz/presidential-libraries/bush/gb-nsc/H-Files/NSC_Mtgs_312293887/41-bpr-nsc-hfiles-nsc_mtgs-1-90000-001.pdf
Confirmed record,,,,,,nsc-source-446396813,1.004,Review ledger,Afghanistan,1989-02-13,"NSD-3 - February 13, 1989 - U.S. Policy toward Afghanistan (File located @ LM)",Restricted - Possibly,52 pages,446396813; 90003-004,Records of the National Security Council (George H. W. Bush Administration) | H-Files - National Security Directive (NSD) Files | 90003-004 | 41-bpr-nsc-hfiles-nsd-3-90003-004.pdf,Review access status and confirm whether the item can be selected or only cited as withheld/restricted context. Resolve compiler risk: catalog-derived-source-note; declassification-review.,"Source: George H.W. Bush Library, National Security Council, H-Files, NSD Files, NSD-3 - February 13, 1989 - U.S. Policy toward Afghanistan (File located @ LM), 90003-004. Access restriction: Restricted - Possibly.",https://catalog.archives.gov/id/446396813,https://s3.amazonaws.com/NARAprodstorage/lz/presidential-libraries/bush/gb-nsc/H-Files/NSDs_313189290/41-bpr-nsc-hfiles-nsd-3-90003-004.pdf
Confirmed record,,,,,,nsc-source-446394933,4.001,Review ledger,Regional,1989-02-22,"NSR-8 - February 22, 1989 - U.S. Policy Toward South Asia",Restricted - Possibly,95 pages,446394933; 90006-011,Records of the National Security Council (George H. W. Bush Administration) | H-Files - National Security Review (NSR) Files | 90006-011 | 41-bpr-nsc-hfiles-nsr-8-90006-011.pdf,Review access status and confirm whether the item can be selected or only cited as withheld/restricted context. Resolve compiler risk: catalog-derived-source-note; declassification-review.,"Source: George H.W. Bush Library, National Security Council, H-Files, NSR Files, NSR-8 - February 22, 1989 - U.S. Policy Toward South Asia, 90006-011. Access restriction: Restricted - Possibly.",https://catalog.archives.gov/id/446394933,https://s3.amazonaws.com/NARAprodstorage/lz/presidential-libraries/bush/gb-nsc/H-Files/NSRs_313189297/41-bpr-nsc-hfiles-nsr-8-90006-011.pdf
Confirmed record,,,,,,bush-library-428079855,3.001,Released chronology,India,1989-02-23,Memorandum of Conversation,Full,9 pages,428079855; [Memorandum of Conversations (Memcons)-January 1989-May 1989]: February 1989,Records of the National Security Council (George H. W. Bush Administration) | Presidential Memcon Files | [Memorandum of Conversations (Memcons)-January 1989-May 1989]: February 1989 | 1989-02-23--Venkataraman.pdf,Resolve compiler risk: catalog-derived-source-note.,"Source: George H.W. Bush Library, National Security Council, Presidential Memcon Files, [Memorandum of Conversations (Memcons)-January 1989-May 1989]: February 1989. Full release.",https://catalog.archives.gov/id/428079855,https://s3.us-east-1.amazonaws.com/NARAprodstorage/lz/presidential-libraries/bush/gb-nsc/321498039/1989-02-23--Venkataraman.pdf
Confirmed record,,,,,,scowcroft-366551660-75-turgut-ozal-memcon,1.005,Released chronology,Afghanistan,1989-02-24,Memorandum of Conversation,Declassified,4 pages,366551660; 91107-001,Brent Scowcroft Papers | Presidential Correspondence Files | 91107-001 | source pages 75-78 | 41-bpr-scow-pcor-memcon-91107-001.pdf,"Use Daily Diary/Backup only for chronology, time, location, attendees, and call status.","Source: George H.W. Bush Library, Brent Scowcroft Papers, Presidential Correspondence Files, Presidential Meetings--Memorandum of Conversations 1/24/89-2/25/89, 91107-001, source pages 75-78. Declassified.",https://catalog.archives.gov/id/366551660,documents/afghanistan/1989-02-24-bush-turgut-ozal-memcon-scowcroft.pdf
Confirmed record,,,,,,bush-library-428079859,2.003,Released chronology,Pakistan,1989-02-24,Memorandum of Conversation,Full,7 pages,428079859; [Memorandum of Conversations (Memcons)-January 1989-May 1989]: February 1989,Records of the National Security Council (George H. W. Bush Administration) | Presidential Memcon Files | [Memorandum of Conversations (Memcons)-January 1989-May 1989]: February 1989 | 1989-02-24--Bhutto.pdf,"Resolve compiler risk: catalog-derived-source-note. Use Daily Diary/Backup only for chronology, time, location, attendees, and call status.","Source: George H.W. Bush Library, National Security Council, Presidential Memcon Files, [Memorandum of Conversations (Memcons)-January 1989-May 1989]: February 1989. Full release.",https://catalog.archives.gov/id/428079859,https://s3.us-east-1.amazonaws.com/NARAprodstorage/lz/presidential-libraries/bush/gb-nsc/321498039/1989-02-24--Bhutto.pdf
Confirmed record,,,,,,scowcroft-366551660-111-benazir-bhutto-memcon,2.004,Released chronology,Pakistan,1989-02-25,Memorandum of Conversation,Declassified,2 pages,366551660; 91107-001,Brent Scowcroft Papers | Presidential Correspondence Files | 91107-001 | source pages 111-112 | 41-bpr-scow-pcor-memcon-91107-001.pdf,Ready for source-note and selection review.,"Source: George H.W. Bush Library, Brent Scowcroft Papers, Presidential Correspondence Files, Presidential Meetings--Memorandum of Conversations 1/24/89-2/25/89, 91107-001, source pages 111-112. Declassified.",https://catalog.archives.gov/id/366551660,documents/pakistan/1989-02-25-bush-benazir-bhutto-memcon-scowcroft.pdf
Confirmed record,,,,,,scowcroft-366551661-21-zhao-ziyang-memcon,3.002,Released chronology,India,1989-02-26,Memorandum of Conversation,Declassified,12 pages,366551661; 91107-002,Brent Scowcroft Papers | Presidential Correspondence Files | 91107-002 | source pages 21-32 | 41-bpr-scow-pcor-memcon-91107-002.pdf,"Use Daily Diary/Backup only for chronology, time, location, attendees, and call status.","Source: George H.W. Bush Library, Brent Scowcroft Papers, Presidential Correspondence Files, Presidential Meetings--Memorandum of Conversations 2/26/89-4/19/89, 91107-002, source pages 21-32. Declassified.",https://catalog.archives.gov/id/366551661,documents/india/1989-02-26-bush-zhao-ziyang-memcon-scowcroft.pdf
Confirmed record,,,,,,nsc-source-470760979,1.006,Review ledger,Afghanistan,1989-03-08,"NSC/DC 005 - March 08, 1989 - NSC/DC Meeting on Non-Lethal Finding and Transfer of Funds re: Afghanistan, Keywords: Afghanistan",Restricted - Possibly,6 pages,470760979; 90009-005,Records of the National Security Council (George H. W. Bush Administration) | H-Files - National Security Council (NSC)/Deputies Committee (DC) Meetings Files | 90009-005 | 41-bpr-nsc-hfiles-dc_mtgs-5-90009-005.pdf,Review access status and confirm whether the item can be selected or only cited as withheld/restricted context. Resolve compiler risk: catalog-derived-source-note; declassification-review.,"Source: George H.W. Bush Library, National Security Council, H-Files, NSC/DC Meetings Files, NSC/DC 005 - March 08, 1989 - NSC/DC Meeting on Non-Lethal Finding and Transfer of Funds re: Afghanistan, Keywords: Afghanistan, 90009-005. Access restriction: Restricted - Possibly.",https://catalog.archives.gov/id/470760979,https://s3.amazonaws.com/NARAprodstorage/lz/presidential-libraries/bush/gb-nsc/H-Files/NSC-DC_Mtgs_312294079/41-bpr-nsc-hfiles-dc_mtgs-5-90009-005.pdf
Confirmed record,,,,,,nsc-source-470760888,1.007,Review ledger,Afghanistan,1989-03-14,"NSC0004 - March 14, 1989 - Panama, Nicaragua, Afghanistan (File located @ LM)",Restricted - Possibly,1 page,470760888; 90000-004,Records of the National Security Council (George H. W. Bush Administration) | H-Files - National Security Council (NSC) Meeting Files | 90000-004 | 41-bpr-nsc-hfiles-nsc_mtgs-4-90000-004.pdf,Review access status and confirm whether the item can be selected or only cited as withheld/restricted context. Resolve compiler risk: catalog-derived-source-note; declassification-review.,"Source: George H.W. Bush Library, National Security Council, H-Files, NSC Meetings Files, NSC0004 - March 14, 1989 - Panama, Nicaragua, Afghanistan (File located @ LM), 90000-004. Access restriction: Restricted - Possibly.",https://catalog.archives.gov/id/470760888,https://s3.amazonaws.com/NARAprodstorage/lz/presidential-libraries/bush/gb-nsc/H-Files/NSC_Mtgs_312293887/41-bpr-nsc-hfiles-nsc_mtgs-4-90000-004.pdf
Confirmed record,,,,,,nsc-source-446396815,1.008,Review ledger,Afghanistan,1989-03-18,"NSD-5 - March 18, 1989 - Legislation to Authorize the Transfer of Funds to the Agency for International Development (AID) for Humanitarian Assistance to Afghanistan (File located @ LM)",Restricted - Possibly,43 pages,446396815; 90003-006,Records of the National Security Council (George H. W. Bush Administration) | H-Files - National Security Directive (NSD) Files | 90003-006 | 41-bpr-nsc-hfiles-nsd-5-90003-006.pdf,Review access status and confirm whether the item can be selected or only cited as withheld/restricted context. Resolve compiler risk: catalog-derived-source-note; declassification-review.,"Source: George H.W. Bush Library, National Security Council, H-Files, NSD Files, NSD-5 - March 18, 1989 - Legislation to Authorize the Transfer of Funds to the Agency for International Development (AID) for Humanitarian Assistance to Afghanistan (File located @ LM), 90003-006. Access restriction: Restricted - Possibly.",https://catalog.archives.gov/id/446396815,https://s3.amazonaws.com/NARAprodstorage/lz/presidential-libraries/bush/gb-nsc/H-Files/NSDs_313189290/41-bpr-nsc-hfiles-nsd-5-90003-006.pdf
Confirmed record,,,,,,nsc-source-470760991,4.002,Review ledger,Regional,1989-04-07,"NSC/DC 017 - April 07, 1989 - NSC/DC Meeting on South Asia, Keywords: South Asia",Restricted - Possibly,102 pages,470760991; 90009-017,Records of the National Security Council (George H. W. Bush Administration) | H-Files - National Security Council (NSC)/Deputies Committee (DC) Meetings Files | 90009-017 | 41-bpr-nsc-hfiles-dc_mtgs-17-90009-017.pdf,Review access status and confirm whether the item can be selected or only cited as withheld/restricted context. Resolve compiler risk: catalog-derived-source-note; declassification-review.,"Source: George H.W. Bush Library, National Security Council, H-Files, NSC/DC Meetings Files, NSC/DC 017 - April 07, 1989 - NSC/DC Meeting on South Asia, Keywords: South Asia, 90009-017. Access restriction: Restricted - Possibly.",https://catalog.archives.gov/id/470760991,https://s3.amazonaws.com/NARAprodstorage/lz/presidential-libraries/bush/gb-nsc/H-Files/NSC-DC_Mtgs_312294079/41-bpr-nsc-hfiles-dc_mtgs-17-90009-017.pdf
Confirmed record,,,,,,scowcroft-366551686-65-king-fahd-telcon,1.009,Released chronology,Afghanistan,1989-04-11,Memorandum of a Telephone Conversation,Declassified,2 pages,366551686; 91111-001,Brent Scowcroft Papers | Presidential Correspondence Files | 91111-001 | source pages 65-66 | 41-bpr-scow-pcor-telcon-91111-001.pdf,"Use Daily Diary/Backup only for chronology, time, location, attendees, and call status.","Source: George H.W. Bush Library, Brent Scowcroft Papers, Presidential Correspondence Files, Presidential Telephone Calls--Memorandum of Conversations 1/23/89-5/10/89, 91111-001, source pages 65-66. Declassified.",https://catalog.archives.gov/id/366551686,documents/afghanistan/1989-04-11-bush-king-fahd-telcon-scowcroft.pdf
Confirmed record,,,,,,nsc-source-470760996,3.003,Review ledger,India,1989-05-04,"NSC/DC 022 - May 04, 1989 - NSC/DC Meeting on South Asia, Keywords: South Asia, India (File located @ LM)",Restricted - Possibly,45 pages,470760996; 90010-001,Records of the National Security Council (George H. W. Bush Administration) | H-Files - National Security Council (NSC)/Deputies Committee (DC) Meetings Files | 90010-001 | 41-bpr-nsc-hfiles-dc_mtgs-22-90010-001.pdf,Review access status and confirm whether the item can be selected or only cited as withheld/restricted context. Resolve compiler risk: catalog-derived-source-note; declassification-review.,"Source: George H.W. Bush Library, National Security Council, H-Files, NSC/DC Meetings Files, NSC/DC 022 - May 04, 1989 - NSC/DC Meeting on South Asia, Keywords: South Asia, India (File located @ LM), 90010-001. Access restriction: Restricted - Possibly.",https://catalog.archives.gov/id/470760996,https://s3.amazonaws.com/NARAprodstorage/lz/presidential-libraries/bush/gb-nsc/H-Files/NSC-DC_Mtgs_312294079/41-bpr-nsc-hfiles-dc_mtgs-22-90010-001.pdf
Confirmed record,,,,,,bush-library-428080031,2.005,Released chronology,Pakistan,1989-06-06,Memorandum of Conversation,Full,3 pages,428080031; [Memorandum of Conversations (Memcons) - June 1989-December 1989]: June 1989,Records of the National Security Council (George H. W. Bush Administration) | Presidential Memcon Files | [Memorandum of Conversations (Memcons) - June 1989-December 1989]: June 1989 | 1989-06-06--Bhutto.pdf,"Resolve compiler risk: catalog-derived-source-note. Use Daily Diary/Backup only for chronology, time, location, attendees, and call status.","Source: George H.W. Bush Library, National Security Council, Presidential Memcon Files, [Memorandum of Conversations (Memcons) - June 1989-December 1989]: June 1989. Full release.",https://catalog.archives.gov/id/428080031,https://s3.us-east-1.amazonaws.com/NARAprodstorage/lz/presidential-libraries/bush/gb-nsc/321498039/1989-06-06--Bhutto.pdf
Confirmed record,,,,,,scowcroft-366551687-51-benazir-bhutto-telcon,2.006,Released chronology,Pakistan,1989-06-07,Memorandum of a Telephone Conversation,Declassified,5 pages,366551687; 91111-002,Brent Scowcroft Papers | Presidential Correspondence Files | 91111-002 | source pages 51-55 | 41-bpr-scow-pcor-telcon-91111-002.pdf,Ready for source-note and selection review.,"Source: George H.W. Bush Library, Brent Scowcroft Papers, Presidential Correspondence Files, Presidential Telephone Calls--Memorandum of Conversations 5/10/89-7/27/89, 91111-002, source pages 51-55. Declassified.",https://catalog.archives.gov/id/366551687,documents/pakistan/1989-06-07-bush-benazir-bhutto-telcon-scowcroft.pdf
Confirmed record,,,,,,scowcroft-366551687-49-helmut-kohl-telcon,2.007,Released chronology,Pakistan,1989-06-07,Memorandum of a Telephone Conversation,Declassified,2 pages,366551687; 91111-002,Brent Scowcroft Papers | Presidential Correspondence Files | 91111-002 | source pages 49-50 | 41-bpr-scow-pcor-telcon-91111-002.pdf,"Use Daily Diary/Backup only for chronology, time, location, attendees, and call status.","Source: George H.W. Bush Library, Brent Scowcroft Papers, Presidential Correspondence Files, Presidential Telephone Calls--Memorandum of Conversations 5/10/89-7/27/89, 91111-002, source pages 49-50. Declassified.",https://catalog.archives.gov/id/366551687,documents/pakistan/1989-06-07-bush-helmut-kohl-telcon-scowcroft.pdf
Confirmed record,,,,,,bush-library-428080057,3.004,Released chronology,India,1989-06-08,Memorandum of Telephone Conversation,Full,4 pages,428080057; [Memorandum of Telephone Conversations (Telcons) - January 1989-July 1989]: June 1989,Records of the National Security Council (George H. W. Bush Administration) | Presidential Telcon Files | [Memorandum of Telephone Conversations (Telcons) - January 1989-July 1989]: June 1989 | 1989-06-08--Gandhi.pdf,"Resolve compiler risk: catalog-derived-source-note. Use Daily Diary/Backup only for chronology, time, location, attendees, and call status.","Source: George H.W. Bush Library, National Security Council, Presidential Telcon Files, [Memorandum of Telephone Conversations (Telcons) - January 1989-July 1989]: June 1989. Full release.",https://catalog.archives.gov/id/428080057,https://s3.us-east-1.amazonaws.com/NARAprodstorage/lz/presidential-libraries/bush/gb-nsc/321498139/1989-06-08--Gandhi.pdf
Confirmed record,,,,,,scowcroft-366551687-56-benazir-bhutto-telcon,2.008,Released chronology,Pakistan,1989-06-09,Memorandum of a Telephone Conversation,Declassified,2 pages,366551687; 91111-002,Brent Scowcroft Papers | Presidential Correspondence Files | 91111-002 | source pages 56-57 | 41-bpr-scow-pcor-telcon-91111-002.pdf,Ready for source-note and selection review.,"Source: George H.W. Bush Library, Brent Scowcroft Papers, Presidential Correspondence Files, Presidential Telephone Calls--Memorandum of Conversations 5/10/89-7/27/89, 91111-002, source pages 56-57. Declassified.",https://catalog.archives.gov/id/366551687,documents/pakistan/1989-06-09-bush-benazir-bhutto-telcon-scowcroft.pdf
Confirmed record,,,,,,bush-library-428080061,2.009,Released chronology,Pakistan,1989-06-10,Memorandum of Telephone Conversation,Full,1 page,428080061; [Memorandum of Telephone Conversations (Telcons) - January 1989-July 1989]: June 1989,Records of the National Security Council (George H. W. Bush Administration) | Presidential Telcon Files | [Memorandum of Telephone Conversations (Telcons) - January 1989-July 1989]: June 1989 | 1989-06-10--Bhutto.pdf,"Resolve compiler risk: catalog-derived-source-note. Use Daily Diary/Backup only for chronology, time, location, attendees, and call status.","Source: George H.W. Bush Library, National Security Council, Presidential Telcon Files, [Memorandum of Telephone Conversations (Telcons) - January 1989-July 1989]: June 1989. Full release.",https://catalog.archives.gov/id/428080061,https://s3.us-east-1.amazonaws.com/NARAprodstorage/lz/presidential-libraries/bush/gb-nsc/321498139/1989-06-10--Bhutto.pdf
Confirmed record,,,,,,bush-library-428080113,3.005,Released chronology,India,1989-07-04,Memorandum of Telephone Conversation,Full,2 pages,428080113; [Memorandum of Telephone Conversations (Telcons) - January 1989-July 1989]: July 1989,Records of the National Security Council (George H. W. Bush Administration) | Presidential Telcon Files | [Memorandum of Telephone Conversations (Telcons) - January 1989-July 1989]: July 1989 | 1989-07-04--Gandhi.pdf,"Resolve compiler risk: catalog-derived-source-note. Use Daily Diary/Backup only for chronology, time, location, attendees, and call status.","Source: George H.W. Bush Library, National Security Council, Presidential Telcon Files, [Memorandum of Telephone Conversations (Telcons) - January 1989-July 1989]: July 1989. Full release.",https://catalog.archives.gov/id/428080113,https://s3.us-east-1.amazonaws.com/NARAprodstorage/lz/presidential-libraries/bush/gb-nsc/321498139/1989-07-04--Gandhi.pdf
Confirmed record,,,,,,bush-library-428080169,2.010,Released chronology,Pakistan,1989-08-05,Memorandum of Telephone Conversation,Full,2 pages,428080169; [Memorandum of Telephone Conversations (Telcons) - August 1989-December 1989]: August 1989,Records of the National Security Council (George H. W. Bush Administration) | Presidential Telcon Files | [Memorandum of Telephone Conversations (Telcons) - August 1989-December 1989]: August 1989 | 1989-08-05--Bhutto.pdf,"Resolve compiler risk: catalog-derived-source-note. Use Daily Diary/Backup only for chronology, time, location, attendees, and call status.","Source: George H.W. Bush Library, National Security Council, Presidential Telcon Files, [Memorandum of Telephone Conversations (Telcons) - August 1989-December 1989]: August 1989. Full release.",https://catalog.archives.gov/id/428080169,https://s3.us-east-1.amazonaws.com/NARAprodstorage/lz/presidential-libraries/bush/gb-nsc/321498139/1989-08-05--Bhutto.pdf
Confirmed record,,,,,,nsc-source-446396836,4.003,Review ledger,Regional,1989-08-29,"NSD-20 - August 29, 1989 - U.S. Policy toward South Asia",Restricted - Possibly,45 pages,446396836; 90003-027,Records of the National Security Council (George H. W. Bush Administration) | H-Files - National Security Directive (NSD) Files | 90003-027 | 41-bpr-nsc-hfiles-nsd-20-90003-027.pdf,Review access status and confirm whether the item can be selected or only cited as withheld/restricted context. Resolve compiler risk: catalog-derived-source-note; declassification-review.,"Source: George H.W. Bush Library, National Security Council, H-Files, NSD Files, NSD-20 - August 29, 1989 - U.S. Policy toward South Asia, 90003-027. Access restriction: Restricted - Possibly.",https://catalog.archives.gov/id/446396836,https://s3.amazonaws.com/NARAprodstorage/lz/presidential-libraries/bush/gb-nsc/H-Files/NSDs_313189290/41-bpr-nsc-hfiles-nsd-20-90003-027.pdf
Confirmed record,,,,,,scowcroft-366551664-118-hosni-mubarak-memcon,4.004,Released chronology,Regional,1989-10-02,Memorandum of Conversation,Declassified,5 pages,366551664; 91107-005,Brent Scowcroft Papers | Presidential Correspondence Files | 91107-005 | source pages 118-122 | 41-bpr-scow-pcor-memcon-91107-005.pdf,"Use Daily Diary/Backup only for chronology, time, location, attendees, and call status.","Source: George H.W. Bush Library, Brent Scowcroft Papers, Presidential Correspondence Files, Presidential Meetings--Memorandum of Conversations 7/14/89-10/2/89, 91107-005, source pages 118-122. Declassified.",https://catalog.archives.gov/id/366551664,documents/regional/1989-10-02-bush-hosni-mubarak-memcon-scowcroft.pdf
Confirmed record,,,,,,470426218-nsc-dc-deputies-committee-meeting-october-16-1989-re-afghanistan,1.010,Review ledger,Afghanistan,1989-10-16,"NSC/DC [Deputies Committee] Meeting - October 16, 1989 re: Afghanistan",Restricted - Possibly,18 pages,470426218; CF01625-007,Records of the National Security Council (George H. W. Bush Administration) | Richard N. Haass' Meeting Files | CF01625-007 | 41-bpr-nsc-haass_meeting-cf01625-007.pdf,Review access status and confirm whether the item can be selected or only cited as withheld/restricted context. Resolve compiler risk: catalog-derived-source-note; declassification-review.,"Source: George H.W. Bush Library, National Security Council, Richard N. Haass' Meeting Files, NSC/DC [Deputies Committee] Meeting - October 16, 1989 re: Afghanistan, CF01625-007. Access restriction: Restricted - Possibly.",https://catalog.archives.gov/id/470426218,https://s3.dualstack.us-east-1.amazonaws.com/NARAprodstorage/lz/presidential-libraries/bush/gb-nsc/haass/meeting_2554866/41-bpr-nsc-haass_meeting-cf01625-007.pdf
Confirmed record,,,,,,nsc-source-470761041,1.011,Review ledger,Afghanistan,1989-10-18,"NSC/DC 065A - October 18, 1989 - NSC/DC Meeting on Afghanistan, Keywords: Afghanistan (File located @ LM)",Restricted - Possibly,8 pages,470761041; 90011-020,Records of the National Security Council (George H. W. Bush Administration) | H-Files - National Security Council (NSC)/Deputies Committee (DC) Meetings Files | 90011-020 | 41-bpr-nsc-hfiles-dc_mtgs-65a-90011-020.pdf,Review access status and confirm whether the item can be selected or only cited as withheld/restricted context. Resolve compiler risk: catalog-derived-source-note; declassification-review.,"Source: George H.W. Bush Library, National Security Council, H-Files, NSC/DC Meetings Files, NSC/DC 065A - October 18, 1989 - NSC/DC Meeting on Afghanistan, Keywords: Afghanistan (File located @ LM), 90011-020. Access restriction: Restricted - Possibly.",https://catalog.archives.gov/id/470761041,https://s3.amazonaws.com/NARAprodstorage/lz/presidential-libraries/bush/gb-nsc/H-Files/NSC-DC_Mtgs_312294079/41-bpr-nsc-hfiles-dc_mtgs-65a-90011-020.pdf
Confirmed record,,,,,,bush-library-428080301,3.006,Released chronology,India,1989-10-18,Memorandum of Telephone Conversation,Full,1 page,428080301; [Memorandum of Telephone Conversations (Telcons) - August 1989-December 1989]: October 1989,Records of the National Security Council (George H. W. Bush Administration) | Presidential Telcon Files | [Memorandum of Telephone Conversations (Telcons) - August 1989-December 1989]: October 1989 | 1989-10-18--Gandhi.pdf,"Resolve compiler risk: catalog-derived-source-note. Use Daily Diary/Backup only for chronology, time, location, attendees, and call status.","Source: George H.W. Bush Library, National Security Council, Presidential Telcon Files, [Memorandum of Telephone Conversations (Telcons) - August 1989-December 1989]: October 1989. Full release.",https://catalog.archives.gov/id/428080301,https://s3.us-east-1.amazonaws.com/NARAprodstorage/lz/presidential-libraries/bush/gb-nsc/321498139/1989-10-18--Gandhi.pdf
Confirmed record,,,,,,470426219-nsc-meeting-october-23-1989-re-afghanistan,1.012,Review ledger,Afghanistan,1989-10-23,"NSC Meeting - October 23, 1989 re: Afghanistan",Restricted - Possibly,24 pages,470426219; CF01625-008,Records of the National Security Council (George H. W. Bush Administration) | Richard N. Haass' Meeting Files | CF01625-008 | 41-bpr-nsc-haass_meeting-cf01625-008.pdf,Review access status and confirm whether the item can be selected or only cited as withheld/restricted context. Resolve compiler risk: catalog-derived-source-note; declassification-review.,"Source: George H.W. Bush Library, National Security Council, Richard N. Haass' Meeting Files, NSC Meeting - October 23, 1989 re: Afghanistan, CF01625-008. Access restriction: Restricted - Possibly.",https://catalog.archives.gov/id/470426219,https://s3.dualstack.us-east-1.amazonaws.com/NARAprodstorage/lz/presidential-libraries/bush/gb-nsc/haass/meeting_2554866/41-bpr-nsc-haass_meeting-cf01625-008.pdf
Confirmed record,,,,,,bush-library-428080317,2.011,Released chronology,Pakistan,1989-11-01,Memorandum of Telephone Conversation,Full,3 pages,428080317; [Memorandum of Telephone Conversations (Telcons) - August 1989-December 1989]: November 1989,Records of the National Security Council (George H. W. Bush Administration) | Presidential Telcon Files | [Memorandum of Telephone Conversations (Telcons) - August 1989-December 1989]: November 1989 | 1989-11-01--Bhutto.pdf,"Resolve compiler risk: catalog-derived-source-note. Use Daily Diary/Backup only for chronology, time, location, attendees, and call status.","Source: George H.W. Bush Library, National Security Council, Presidential Telcon Files, [Memorandum of Telephone Conversations (Telcons) - August 1989-December 1989]: November 1989. Full release.",https://catalog.archives.gov/id/428080317,https://s3.us-east-1.amazonaws.com/NARAprodstorage/lz/presidential-libraries/bush/gb-nsc/321498139/1989-11-01--Bhutto.pdf
Confirmed record,,,,,,scowcroft-366551665-91-margaret-thatcher-memcon,1.013,Released chronology,Afghanistan,1989-11-24,Memorandum of Conversation,Declassified,10 pages,366551665; 91107-006,Brent Scowcroft Papers | Presidential Correspondence Files | 91107-006 | source pages 91-100 | 41-bpr-scow-pcor-memcon-91107-006.pdf,"Use Daily Diary/Backup only for chronology, time, location, attendees, and call status.","Source: George H.W. Bush Library, Brent Scowcroft Papers, Presidential Correspondence Files, Presidential Meetings--Memorandum of Conversations 10/3/89-12/16/89, 91107-006, source pages 91-100. Declassified.",https://catalog.archives.gov/id/366551665,documents/afghanistan/1989-11-24-bush-margaret-thatcher-memcon-scowcroft.pdf
Confirmed record,,,,,,470426381-presidential-visit-of-president-of-afghanistan-interim-government-sibgahtullah-mojaddedi-november-27-1989,1.014,Review ledger,Afghanistan,1989-11-27,"Presidential Visit of President [of Afghanistan Interim Government Sibgahtullah] Mojaddedi - November 27, 1989",Restricted - Possibly,35 pages,470426381; CF01404-028,Records of the National Security Council (George H. W. Bush Administration) | Richard N. Haass' Presidential Meeting Files | CF01404-028 | 41-bpr-nsc-haass_pres_mtg-cf01404-028.pdf,"Review access status and confirm whether the item can be selected or only cited as withheld/restricted context. Resolve compiler risk: catalog-derived-source-note; declassification-review. Use Daily Diary/Backup only for chronology, time, location, attendees, and call status.","Source: George H.W. Bush Library, National Security Council, Richard N. Haass' Presidential Meeting Files, Presidential Visit of President [of Afghanistan Interim Government Sibgahtullah] Mojaddedi - November 27, 1989, CF01404-028. Access restriction: Restricted - Possibly.",https://catalog.archives.gov/id/470426381,https://s3.dualstack.us-east-1.amazonaws.com/NARAprodstorage/lz/presidential-libraries/bush/gb-nsc/haass/pres_mtg_2554869/41-bpr-nsc-haass_pres_mtg-cf01404-028.pdf
Confirmed record,,,,,,nsc-source-470761101,2.012,Review ledger,Pakistan,1990-03-26,"NSC/DC 112 - March 26, 1990 - NSC/DC Meeting on Kashmir, Keywords: Pakistan",Restricted - Possibly,13 pages,470761101; 90013-024,Records of the National Security Council (George H. W. Bush Administration) | H-Files - National Security Council (NSC)/Deputies Committee (DC) Meetings Files | 90013-024 | 41-bpr-nsc-hfiles-dc_mtgs-112-90013-024.pdf,Review access status and confirm whether the item can be selected or only cited as withheld/restricted context. Resolve compiler risk: catalog-derived-source-note; declassification-review.,"Source: George H.W. Bush Library, National Security Council, H-Files, NSC/DC Meetings Files, NSC/DC 112 - March 26, 1990 - NSC/DC Meeting on Kashmir, Keywords: Pakistan, 90013-024. Access restriction: Restricted - Possibly.",https://catalog.archives.gov/id/470761101,https://s3.amazonaws.com/NARAprodstorage/lz/presidential-libraries/bush/gb-nsc/H-Files/NSC-DC_Mtgs_312294079/41-bpr-nsc-hfiles-dc_mtgs-112-90013-024.pdf
Confirmed record,,,,,,nsc-source-470761103,3.007,Review ledger,India,1990-04-04,"NSC/DC 113 - April 04, 1990 - NSC/DC Meeting on Kashmir via SVTS, Keywords: India",Restricted - Possibly,41 pages,470761103; 90013-026,Records of the National Security Council (George H. W. Bush Administration) | H-Files - National Security Council (NSC)/Deputies Committee (DC) Meetings Files | 90013-026 | 41-bpr-nsc-hfiles-dc_mtgs-113-90013-026.pdf,Review access status and confirm whether the item can be selected or only cited as withheld/restricted context. Resolve compiler risk: catalog-derived-source-note; declassification-review.,"Source: George H.W. Bush Library, National Security Council, H-Files, NSC/DC Meetings Files, NSC/DC 113 - April 04, 1990 - NSC/DC Meeting on Kashmir via SVTS, Keywords: India, 90013-026. Access restriction: Restricted - Possibly.",https://catalog.archives.gov/id/470761103,https://s3.amazonaws.com/NARAprodstorage/lz/presidential-libraries/bush/gb-nsc/H-Files/NSC-DC_Mtgs_312294079/41-bpr-nsc-hfiles-dc_mtgs-113-90013-026.pdf
Confirmed record,,,,,,nsc-source-470761116,2.013,Review ledger,Pakistan,1990-05-07,"NSC/DC 124 - May 07, 1990 - NSC/DC Meeting re: Pakistan Stingers, Keywords: Pakistan (File located @ LM)",Restricted - Possibly,42 pages,470761116; 90014-013,Records of the National Security Council (George H. W. Bush Administration) | H-Files - National Security Council (NSC)/Deputies Committee (DC) Meetings Files | 90014-013 | 41-bpr-nsc-hfiles-dc_mtgs-124-90014-013.pdf,Review access status and confirm whether the item can be selected or only cited as withheld/restricted context. Resolve compiler risk: catalog-derived-source-note; declassification-review.,"Source: George H.W. Bush Library, National Security Council, H-Files, NSC/DC Meetings Files, NSC/DC 124 - May 07, 1990 - NSC/DC Meeting re: Pakistan Stingers, Keywords: Pakistan (File located @ LM), 90014-013. Access restriction: Restricted - Possibly.",https://catalog.archives.gov/id/470761116,https://s3.amazonaws.com/NARAprodstorage/lz/presidential-libraries/bush/gb-nsc/H-Files/NSC-DC_Mtgs_312294079/41-bpr-nsc-hfiles-dc_mtgs-124-90014-013.pdf
Confirmed record,,,,,,nsc-source-470761140,2.014,Review ledger,Pakistan,1990-06-28,"NSC/DC 147 - June 28, 1990 - NSC/DC Meeting on Pakistan's Nuclear Program, Keywords: Pakistan, Nuclear Matters",Restricted - Possibly,24 pages,470761140; 90015-005,Records of the National Security Council (George H. W. Bush Administration) | H-Files - National Security Council (NSC)/Deputies Committee (DC) Meetings Files | 90015-005 | 41-bpr-nsc-hfiles-dc_mtgs-147-90015-005.pdf,Review access status and confirm whether the item can be selected or only cited as withheld/restricted context. Resolve compiler risk: catalog-derived-source-note; declassification-review.,"Source: George H.W. Bush Library, National Security Council, H-Files, NSC/DC Meetings Files, NSC/DC 147 - June 28, 1990 - NSC/DC Meeting on Pakistan's Nuclear Program, Keywords: Pakistan, Nuclear Matters, 90015-005. Access restriction: Restricted - Possibly.",https://catalog.archives.gov/id/470761140,https://s3.amazonaws.com/NARAprodstorage/lz/presidential-libraries/bush/gb-nsc/H-Files/NSC-DC_Mtgs_312294079/41-bpr-nsc-hfiles-dc_mtgs-147-90015-005.pdf
Confirmed record,,,,,,470426229-nsc-dc-deputies-committee-meeting-june-30-1990-re-pakistan,2.015,Review ledger,Pakistan,1990-06-30,"NSC/DC [Deputies Committee] Meeting - June 30, 1990 Re: Pakistan",Restricted - Possibly,14 pages,470426229; CF01625-018,Records of the National Security Council (George H. W. Bush Administration) | Richard N. Haass' Meeting Files | CF01625-018 | 41-bpr-nsc-haass_meeting-cf01625-018.pdf,Review access status and confirm whether the item can be selected or only cited as withheld/restricted context. Resolve compiler risk: catalog-derived-source-note; declassification-review.,"Source: George H.W. Bush Library, National Security Council, Richard N. Haass' Meeting Files, NSC/DC [Deputies Committee] Meeting - June 30, 1990 Re: Pakistan, CF01625-018. Access restriction: Restricted - Possibly.",https://catalog.archives.gov/id/470426229,https://s3.dualstack.us-east-1.amazonaws.com/NARAprodstorage/lz/presidential-libraries/bush/gb-nsc/haass/meeting_2554866/41-bpr-nsc-haass_meeting-cf01625-018.pdf
Confirmed record,,,,,,nsc-source-470761146,2.016,Review ledger,Pakistan,1990-07-09,"NSC/DC 154 - July 09, 1990 - NSC/DC Meeting on Pakistan Nuclear Program, Keywords: Pakistan, Nuclear Matters",Restricted - Possibly,10 pages,470761146; 90015-012,Records of the National Security Council (George H. W. Bush Administration) | H-Files - National Security Council (NSC)/Deputies Committee (DC) Meetings Files | 90015-012 | 41-bpr-nsc-hfiles-dc_mtgs-154-90015-012.pdf,Review access status and confirm whether the item can be selected or only cited as withheld/restricted context. Resolve compiler risk: catalog-derived-source-note; declassification-review.,"Source: George H.W. Bush Library, National Security Council, H-Files, NSC/DC Meetings Files, NSC/DC 154 - July 09, 1990 - NSC/DC Meeting on Pakistan Nuclear Program, Keywords: Pakistan, Nuclear Matters, 90015-012. Access restriction: Restricted - Possibly.",https://catalog.archives.gov/id/470761146,https://s3.amazonaws.com/NARAprodstorage/lz/presidential-libraries/bush/gb-nsc/H-Files/NSC-DC_Mtgs_312294079/41-bpr-nsc-hfiles-dc_mtgs-154-90015-012.pdf
Confirmed record,,,,,,470426231-nsc-dc-meeting-july-16-1990-re-pakistan-nuclear-program,2.017,Review ledger,Pakistan,1990-07-16,"NSC/DC Meeting - July 16, 1990 Re: Pakistan Nuclear Program",Restricted - Possibly,29 pages,470426231; CF01625-020,Records of the National Security Council (George H. W. Bush Administration) | Richard N. Haass' Meeting Files | CF01625-020 | 41-bpr-nsc-haass_meeting-cf01625-020.pdf,Review access status and confirm whether the item can be selected or only cited as withheld/restricted context. Resolve compiler risk: catalog-derived-source-note; declassification-review.,"Source: George H.W. Bush Library, National Security Council, Richard N. Haass' Meeting Files, NSC/DC Meeting - July 16, 1990 Re: Pakistan Nuclear Program, CF01625-020. Access restriction: Restricted - Possibly.",https://catalog.archives.gov/id/470426231,https://s3.dualstack.us-east-1.amazonaws.com/NARAprodstorage/lz/presidential-libraries/bush/gb-nsc/haass/meeting_2554866/41-bpr-nsc-haass_meeting-cf01625-020.pdf
Confirmed record,,,,,,nsc-source-470761184,2.018,Review ledger,Pakistan,1990-08-31,"NSC/DC 190 - August 31, 1990 - NSC/DC Meeting on Pakistan Nuclear Program, Keywords: Pakistan, Nuclear Matters",Restricted - Possibly,37 pages,470761184; 90016-018,Records of the National Security Council (George H. W. Bush Administration) | H-Files - National Security Council (NSC)/Deputies Committee (DC) Meetings Files | 90016-018 | 41-bpr-nsc-hfiles-dc_mtgs-190-90016-018.pdf,Review access status and confirm whether the item can be selected or only cited as withheld/restricted context. Resolve compiler risk: catalog-derived-source-note; declassification-review.,"Source: George H.W. Bush Library, National Security Council, H-Files, NSC/DC Meetings Files, NSC/DC 190 - August 31, 1990 - NSC/DC Meeting on Pakistan Nuclear Program, Keywords: Pakistan, Nuclear Matters, 90016-018. Access restriction: Restricted - Possibly.",https://catalog.archives.gov/id/470761184,https://s3.amazonaws.com/NARAprodstorage/lz/presidential-libraries/bush/gb-nsc/H-Files/NSC-DC_Mtgs_312294079/41-bpr-nsc-hfiles-dc_mtgs-190-90016-018.pdf
Confirmed record,,,,,,nsc-source-470761189,2.019,Review ledger,Pakistan,1990-09-05,"NSC/DC 193A - September 05, 1990 - NSC/DC Meeting on Pakistan, Keywords: Pakistan, Nuclear Matters",Restricted - Possibly,11 pages,470761189; 90016-023,Records of the National Security Council (George H. W. Bush Administration) | H-Files - National Security Council (NSC)/Deputies Committee (DC) Meetings Files | 90016-023 | 41-bpr-nsc-hfiles-dc_mtgs-193a-90016-023.pdf,Review access status and confirm whether the item can be selected or only cited as withheld/restricted context. Resolve compiler risk: catalog-derived-source-note; declassification-review.,"Source: George H.W. Bush Library, National Security Council, H-Files, NSC/DC Meetings Files, NSC/DC 193A - September 05, 1990 - NSC/DC Meeting on Pakistan, Keywords: Pakistan, Nuclear Matters, 90016-023. Access restriction: Restricted - Possibly.",https://catalog.archives.gov/id/470761189,https://s3.amazonaws.com/NARAprodstorage/lz/presidential-libraries/bush/gb-nsc/H-Files/NSC-DC_Mtgs_312294079/41-bpr-nsc-hfiles-dc_mtgs-193a-90016-023.pdf
Confirmed record,,,,,,scowcroft-366551670-130-mikhail-gorbachev-memcon,1.015,Released chronology,Afghanistan,1990-09-09,Memorandum of Conversation,Declassified,9 pages,366551670; 91108-001,Brent Scowcroft Papers | Presidential Correspondence Files | 91108-001 | source pages 130-138 | 41-bpr-scow-pcor-memcon-91108-001.pdf,Ready for source-note and selection review.,"Source: George H.W. Bush Library, Brent Scowcroft Papers, Presidential Correspondence Files, Presidential Meetings--Memorandum of Conversations 7/5/90-9/24/90, 91108-001, source pages 130-138. Declassified.",https://catalog.archives.gov/id/366551670,documents/afghanistan/1990-09-09-bush-mikhail-gorbachev-memcon-scowcroft.pdf
Confirmed record,,,,,,bush-library-428081099,4.005,Released chronology,Regional,1990-10-01,Memorandum of Conversation,Full,5 pages,428081099; [Memorandum of Conversations (Memcons)-July 1990-December 1990]: October 1990,Records of the National Security Council (George H. W. Bush Administration) | Presidential Memcon Files | [Memorandum of Conversations (Memcons)-July 1990-December 1990]: October 1990 | 1990-10-01--Ershad.pdf,"Resolve compiler risk: catalog-derived-source-note. Use Daily Diary/Backup only for chronology, time, location, attendees, and call status.","Source: George H.W. Bush Library, National Security Council, Presidential Memcon Files, [Memorandum of Conversations (Memcons)-July 1990-December 1990]: October 1990. Full release.",https://catalog.archives.gov/id/428081099,https://s3.us-east-1.amazonaws.com/NARAprodstorage/lz/presidential-libraries/bush/gb-nsc/321498039/1990-10-01--Ershad.pdf
Confirmed record,,,,,,nsc-source-470761204,2.020,Review ledger,Pakistan,1990-10-02,"NSC/DC 205 - October 02, 1990 - NSC/DC Meeting on Pakistan Nuclear Program via SVTS, Keywords: Pakistan, Nuclear Matters",Restricted - Possibly,24 pages,470761204; 90016-038,Records of the National Security Council (George H. W. Bush Administration) | H-Files - National Security Council (NSC)/Deputies Committee (DC) Meetings Files | 90016-038 | 41-bpr-nsc-hfiles-dc_mtgs-205-90016-038.pdf,Review access status and confirm whether the item can be selected or only cited as withheld/restricted context. Resolve compiler risk: catalog-derived-source-note; declassification-review.,"Source: George H.W. Bush Library, National Security Council, H-Files, NSC/DC Meetings Files, NSC/DC 205 - October 02, 1990 - NSC/DC Meeting on Pakistan Nuclear Program via SVTS, Keywords: Pakistan, Nuclear Matters, 90016-038. Access restriction: Restricted - Possibly.",https://catalog.archives.gov/id/470761204,https://s3.amazonaws.com/NARAprodstorage/lz/presidential-libraries/bush/gb-nsc/H-Files/NSC-DC_Mtgs_312294079/41-bpr-nsc-hfiles-dc_mtgs-205-90016-038.pdf
Confirmed record,,,,,,470426235-dc-deputies-committee-meeting-october-4-1990-re-afghanistan,1.016,Review ledger,Afghanistan,1990-10-04,"DC [Deputies Committee] Meeting - October 4, 1990 re: Afghanistan",Restricted - Possibly,10 pages,470426235; CF01625-024,Records of the National Security Council (George H. W. Bush Administration) | Richard N. Haass' Meeting Files | CF01625-024 | 41-bpr-nsc-haass_meeting-cf01625-024.pdf,Review access status and confirm whether the item can be selected or only cited as withheld/restricted context. Resolve compiler risk: catalog-derived-source-note; declassification-review.,"Source: George H.W. Bush Library, National Security Council, Richard N. Haass' Meeting Files, DC [Deputies Committee] Meeting - October 4, 1990 re: Afghanistan, CF01625-024. Access restriction: Restricted - Possibly.",https://catalog.archives.gov/id/470426235,https://s3.dualstack.us-east-1.amazonaws.com/NARAprodstorage/lz/presidential-libraries/bush/gb-nsc/haass/meeting_2554866/41-bpr-nsc-haass_meeting-cf01625-024.pdf
Confirmed record,,,,,,470426238-nsc-dc-deputies-committee-meeting-october-4-1990-re-pakistan,2.021,Review ledger,Pakistan,1990-10-04,"NSC/DC [Deputies Committee] Meeting - October 4, 1990 Re: Pakistan",Restricted - Possibly,8 pages,470426238; CF01625-027,Records of the National Security Council (George H. W. Bush Administration) | Richard N. Haass' Meeting Files | CF01625-027 | 41-bpr-nsc-haass_meeting-cf01625-027.pdf,Review access status and confirm whether the item can be selected or only cited as withheld/restricted context. Resolve compiler risk: catalog-derived-source-note; declassification-review.,"Source: George H.W. Bush Library, National Security Council, Richard N. Haass' Meeting Files, NSC/DC [Deputies Committee] Meeting - October 4, 1990 Re: Pakistan, CF01625-027. Access restriction: Restricted - Possibly.",https://catalog.archives.gov/id/470426238,https://s3.dualstack.us-east-1.amazonaws.com/NARAprodstorage/lz/presidential-libraries/bush/gb-nsc/haass/meeting_2554866/41-bpr-nsc-haass_meeting-cf01625-027.pdf
Confirmed record,,,,,,nsc-source-470761206,1.017,Review ledger,Afghanistan,1990-10-05,"NSC/DC 207 - October 05, 1990 - NSC/DC Meeting on Afghanistan, Keywords: Afghanistan",Restricted - Possibly,26 pages,470761206; 90016-040,Records of the National Security Council (George H. W. Bush Administration) | H-Files - National Security Council (NSC)/Deputies Committee (DC) Meetings Files | 90016-040 | 41-bpr-nsc-hfiles-dc_mtgs-207-90016-040.pdf,Review access status and confirm whether the item can be selected or only cited as withheld/restricted context. Resolve compiler risk: catalog-derived-source-note; declassification-review.,"Source: George H.W. Bush Library, National Security Council, H-Files, NSC/DC Meetings Files, NSC/DC 207 - October 05, 1990 - NSC/DC Meeting on Afghanistan, Keywords: Afghanistan, 90016-040. Access restriction: Restricted - Possibly.",https://catalog.archives.gov/id/470761206,https://s3.amazonaws.com/NARAprodstorage/lz/presidential-libraries/bush/gb-nsc/H-Files/NSC-DC_Mtgs_312294079/41-bpr-nsc-hfiles-dc_mtgs-207-90016-040.pdf
Confirmed record,,,,,,nsc-source-470761207,2.022,Review ledger,Pakistan,1990-10-05,"NSC/DC 208 - October 05, 1990 - NSC/DC Meeting on Pakistan via SVTS, Keywords: Pakistan",Restricted - Possibly,11 pages,470761207; 90017-001,Records of the National Security Council (George H. W. Bush Administration) | H-Files - National Security Council (NSC)/Deputies Committee (DC) Meetings Files | 90017-001 | 41-bpr-nsc-hfiles-dc_mtgs-208-90017-001.pdf,Review access status and confirm whether the item can be selected or only cited as withheld/restricted context. Resolve compiler risk: catalog-derived-source-note; declassification-review.,"Source: George H.W. Bush Library, National Security Council, H-Files, NSC/DC Meetings Files, NSC/DC 208 - October 05, 1990 - NSC/DC Meeting on Pakistan via SVTS, Keywords: Pakistan, 90017-001. Access restriction: Restricted - Possibly.",https://catalog.archives.gov/id/470761207,https://s3.amazonaws.com/NARAprodstorage/lz/presidential-libraries/bush/gb-nsc/H-Files/NSC-DC_Mtgs_312294079/41-bpr-nsc-hfiles-dc_mtgs-208-90017-001.pdf
Confirmed record,,,,,,470426240-nsc-dc-meeting-october-9-1990-re-pakistan,2.023,Review ledger,Pakistan,1990-10-09,"NSC/DC Meeting - October 9, 1990 Re: Pakistan",Restricted - Possibly,81 pages,470426240; CF01625-029,Records of the National Security Council (George H. W. Bush Administration) | Richard N. Haass' Meeting Files | CF01625-029 | 41-bpr-nsc-haass_meeting-cf01625-029.pdf,Review access status and confirm whether the item can be selected or only cited as withheld/restricted context. Resolve compiler risk: catalog-derived-source-note; declassification-review.,"Source: George H.W. Bush Library, National Security Council, Richard N. Haass' Meeting Files, NSC/DC Meeting - October 9, 1990 Re: Pakistan, CF01625-029. Access restriction: Restricted - Possibly.",https://catalog.archives.gov/id/470426240,https://s3.dualstack.us-east-1.amazonaws.com/NARAprodstorage/lz/presidential-libraries/bush/gb-nsc/haass/meeting_2554866/41-bpr-nsc-haass_meeting-cf01625-029.pdf
Confirmed record,,,,,,nsc-source-470760963,2.024,Review ledger,Pakistan,1990-10-09,"NSC0056 - October 09, 1990 - Nuclear Matters, Middle East and Gulf, Proliferation [1]",Restricted - Possibly,42 pages,470760963; 90002-025,Records of the National Security Council (George H. W. Bush Administration) | H-Files - National Security Council (NSC) Meeting Files | 90002-025 | 41-bpr-nsc-hfiles-nsc_mtgs-56_1-90002-025.pdf,Review access status and confirm whether the item can be selected or only cited as withheld/restricted context. Resolve compiler risk: catalog-derived-source-note; declassification-review.,"Source: George H.W. Bush Library, National Security Council, H-Files, NSC Meetings Files, NSC0056 - October 09, 1990 - Nuclear Matters, Middle East and Gulf, Proliferation [1], 90002-025. Access restriction: Restricted - Possibly.",https://catalog.archives.gov/id/470760963,https://s3.amazonaws.com/NARAprodstorage/lz/presidential-libraries/bush/gb-nsc/H-Files/NSC_Mtgs_312293887/41-bpr-nsc-hfiles-nsc_mtgs-56_1-90002-025.pdf
Confirmed record,,,,,,nsc-source-470760964,2.025,Review ledger,Pakistan,1990-10-09,"NSC0056 - October 09, 1990 - Nuclear Matters, Middle East and Gulf, Proliferation [2]",Restricted - Possibly,42 pages,470760964; 90002-026,Records of the National Security Council (George H. W. Bush Administration) | H-Files - National Security Council (NSC) Meeting Files | 90002-026 | 41-bpr-nsc-hfiles-nsc_mtgs-56_2-90002-026.pdf,Review access status and confirm whether the item can be selected or only cited as withheld/restricted context. Resolve compiler risk: catalog-derived-source-note; declassification-review.,"Source: George H.W. Bush Library, National Security Council, H-Files, NSC Meetings Files, NSC0056 - October 09, 1990 - Nuclear Matters, Middle East and Gulf, Proliferation [2], 90002-026. Access restriction: Restricted - Possibly.",https://catalog.archives.gov/id/470760964,https://s3.amazonaws.com/NARAprodstorage/lz/presidential-libraries/bush/gb-nsc/H-Files/NSC_Mtgs_312293887/41-bpr-nsc-hfiles-nsc_mtgs-56_2-90002-026.pdf
Confirmed record,,,,,,scowcroft-366551673-7-lee-kuan-yew-memcon,2.026,Released chronology,Pakistan,1991-01-21,Memorandum of Conversation,Declassified,9 pages,366551673; 91108-004,Brent Scowcroft Papers | Presidential Correspondence Files | 91108-004 | source pages 7-15 | 41-bpr-scow-pcor-memcon-91108-004.pdf,"Use Daily Diary/Backup only for chronology, time, location, attendees, and call status.","Source: George H.W. Bush Library, Brent Scowcroft Papers, Presidential Correspondence Files, Presidential Meetings--Memorandum of Conversations 1/14/91-3/8/91, 91108-004, source pages 7-15. Declassified.",https://catalog.archives.gov/id/366551673,documents/pakistan/1991-01-21-bush-lee-kuan-yew-memcon-scowcroft.pdf
Confirmed record,,,,,,scowcroft-366551697-12-nawaz-sharif-telcon,2.027,Released chronology,Pakistan,1991-02-02,Memorandum of a Telephone Conversation,Declassified,4 pages,366551697; 91112-005,Brent Scowcroft Papers | Presidential Correspondence Files | 91112-005 | source pages 12-15 | 41-bpr-scow-pcor-telcon-91112-005.pdf,"Use Daily Diary/Backup only for chronology, time, location, attendees, and call status.","Source: George H.W. Bush Library, Brent Scowcroft Papers, Presidential Correspondence Files, Presidential Telephone Calls--Memorandum of Conversations 1/30/91-2/22/91, 91112-005, source pages 12-15. Declassified.",https://catalog.archives.gov/id/366551697,documents/pakistan/1991-02-02-bush-nawaz-sharif-telcon-scowcroft.pdf
Confirmed record,,,,,,bush-library-428081443,3.008,Released chronology,India,1991-02-08,Memorandum of Telephone Conversation,Full,4 pages,428081443; [Memorandum of Telephone Conversations (Telcons) - January 1991-April 1991]:  February 1991 [1],Records of the National Security Council (George H. W. Bush Administration) | Presidential Telcon Files | [Memorandum of Telephone Conversations (Telcons) - January 1991-April 1991]:  February 1991 [1] | 1991-02-08--Shankar.pdf,Resolve compiler risk: catalog-derived-source-note.,"Source: George H.W. Bush Library, National Security Council, Presidential Telcon Files, [Memorandum of Telephone Conversations (Telcons) - January 1991-April 1991]: February 1991 [1]. Full release.",https://catalog.archives.gov/id/428081443,https://s3.us-east-1.amazonaws.com/NARAprodstorage/lz/presidential-libraries/bush/gb-nsc/321498139/1991-02-08--Shankar.pdf
Confirmed record,,,,,,nsc-source-470761272,1.018,Review ledger,Afghanistan,1991-03-05,"NSC/DC 260 - March 05, 1991 - NSC/DC Meeting on Afghanistan, Keywords: Afghanistan (File located @ LM)",Restricted - Possibly,9 pages,470761272; 90019-003,Records of the National Security Council (George H. W. Bush Administration) | H-Files - National Security Council (NSC)/Deputies Committee (DC) Meetings Files | 90019-003 | 41-bpr-nsc-hfiles-dc_mtgs-260-90019-003.pdf,Review access status and confirm whether the item can be selected or only cited as withheld/restricted context. Resolve compiler risk: catalog-derived-source-note; declassification-review.,"Source: George H.W. Bush Library, National Security Council, H-Files, NSC/DC Meetings Files, NSC/DC 260 - March 05, 1991 - NSC/DC Meeting on Afghanistan, Keywords: Afghanistan (File located @ LM), 90019-003. Access restriction: Restricted - Possibly.",https://catalog.archives.gov/id/470761272,https://s3.amazonaws.com/NARAprodstorage/lz/presidential-libraries/bush/gb-nsc/H-Files/NSC-DC_Mtgs_312294079/41-bpr-nsc-hfiles-dc_mtgs-260-90019-003.pdf
Confirmed record,,,,,,nsc-source-470761289,1.019,Review ledger,Afghanistan,1991-04-12,"NSC/DC 271 - April 12, 1991 - NSC/DC Meeting on Afghanistan, Keywords: Afghanistan (File located @ LM)",Restricted - Possibly,7 pages,470761289; 90019-020,Records of the National Security Council (George H. W. Bush Administration) | H-Files - National Security Council (NSC)/Deputies Committee (DC) Meetings Files | 90019-020 | 41-bpr-nsc-hfiles-dc_mtgs-271-90019-020.pdf,Review access status and confirm whether the item can be selected or only cited as withheld/restricted context. Resolve compiler risk: catalog-derived-source-note; declassification-review.,"Source: George H.W. Bush Library, National Security Council, H-Files, NSC/DC Meetings Files, NSC/DC 271 - April 12, 1991 - NSC/DC Meeting on Afghanistan, Keywords: Afghanistan (File located @ LM), 90019-020. Access restriction: Restricted - Possibly.",https://catalog.archives.gov/id/470761289,https://s3.amazonaws.com/NARAprodstorage/lz/presidential-libraries/bush/gb-nsc/H-Files/NSC-DC_Mtgs_312294079/41-bpr-nsc-hfiles-dc_mtgs-271-90019-020.pdf
Confirmed record,,,,,,nsc-source-470761301,1.020,Review ledger,Afghanistan,1991-05-17,"NSC/DC 282 - May 17, 1991 - NSC/DC Meeting on Angola and Afghanistan, Keywords: Angola, Afghanistan (File located @ NLMS)",Restricted - Possibly,1 page,470761301; 90020-001,Records of the National Security Council (George H. W. Bush Administration) | H-Files - National Security Council (NSC)/Deputies Committee (DC) Meetings Files | 90020-001 | 41-bpr-nsc-hfiles-dc_mtgs-282-90020-001.pdf,Review access status and confirm whether the item can be selected or only cited as withheld/restricted context. Resolve compiler risk: catalog-derived-source-note; declassification-review.,"Source: George H.W. Bush Library, National Security Council, H-Files, NSC/DC Meetings Files, NSC/DC 282 - May 17, 1991 - NSC/DC Meeting on Angola and Afghanistan, Keywords: Angola, Afghanistan (File located @ NLMS), 90020-001. Access restriction: Restricted - Possibly.",https://catalog.archives.gov/id/470761301,https://s3.amazonaws.com/NARAprodstorage/lz/presidential-libraries/bush/gb-nsc/H-Files/NSC-DC_Mtgs_312294079/41-bpr-nsc-hfiles-dc_mtgs-282-90020-001.pdf
Confirmed record,,,,,,bush-library-428082103,3.009,Released chronology,India,1991-12-15,Memorandum of Telephone Conversation,Full,1 page,428082103; [Memorandum of Telephone Conversations (Telcons) - May 1991-December 1991]:  December 1991,Records of the National Security Council (George H. W. Bush Administration) | Presidential Telcon Files | [Memorandum of Telephone Conversations (Telcons) - May 1991-December 1991]:  December 1991 | 1991-12-15--Rao.pdf,Resolve compiler risk: catalog-derived-source-note.,"Source: George H.W. Bush Library, National Security Council, Presidential Telcon Files, [Memorandum of Telephone Conversations (Telcons) - May 1991-December 1991]: December 1991. Full release.",https://catalog.archives.gov/id/428082103,https://s3.us-east-1.amazonaws.com/NARAprodstorage/lz/presidential-libraries/bush/gb-nsc/321498139/1991-12-15--Rao.pdf
Confirmed record,,,,,,nsc-source-470761354,1.021,Review ledger,Afghanistan,1992-01-03,"NSC/DC 331 - January 03, 1992 - NSC/DC Meeting re: Afghanistan, Keywords: Afghanistan",Restricted - Possibly,58 pages,470761354; 90021-019,Records of the National Security Council (George H. W. Bush Administration) | H-Files - National Security Council (NSC)/Deputies Committee (DC) Meetings Files | 90021-019 | 41-bpr-nsc-hfiles-dc_mtgs-331-90021-019.pdf,Review access status and confirm whether the item can be selected or only cited as withheld/restricted context. Resolve compiler risk: catalog-derived-source-note; declassification-review.,"Source: George H.W. Bush Library, National Security Council, H-Files, NSC/DC Meetings Files, NSC/DC 331 - January 03, 1992 - NSC/DC Meeting re: Afghanistan, Keywords: Afghanistan, 90021-019. Access restriction: Restricted - Possibly.",https://catalog.archives.gov/id/470761354,https://s3.amazonaws.com/NARAprodstorage/lz/presidential-libraries/bush/gb-nsc/H-Files/NSC-DC_Mtgs_312294079/41-bpr-nsc-hfiles-dc_mtgs-331-90021-019.pdf
Confirmed record,,,,,,bush-library-428082131,3.010,Released chronology,India,1992-01-31,Memorandum of Conversation,Partial,3 pages,428082131; [Memorandum of Conversations (Memcons)-January 1992-June 1992]: January 1992,Records of the National Security Council (George H. W. Bush Administration) | Presidential Memcon Files | [Memorandum of Conversations (Memcons)-January 1992-June 1992]: January 1992 | 1992-01-31--Rao.pdf,"Check excisions and confirm whether the available text supports selection. Resolve compiler risk: catalog-derived-source-note. Use Daily Diary/Backup only for chronology, time, location, attendees, and call status.","Source: George H.W. Bush Library, National Security Council, Presidential Memcon Files, [Memorandum of Conversations (Memcons)-January 1992-June 1992]: January 1992. Partial release.",https://catalog.archives.gov/id/428082131,https://s3.us-east-1.amazonaws.com/NARAprodstorage/lz/presidential-libraries/bush/gb-nsc/321498039/1992-01-31--Rao.pdf
Confirmed record,,,,,,bush-library-428082145,4.006,Released chronology,Regional,1992-03-19,Memorandum of Conversation,Full,6 pages,428082145; [Memorandum of Conversations (Memcons)-January 1992-June 1992]: March 1992,Records of the National Security Council (George H. W. Bush Administration) | Presidential Memcon Files | [Memorandum of Conversations (Memcons)-January 1992-June 1992]: March 1992 | 1992-03-19--Zia.pdf,"Resolve compiler risk: catalog-derived-source-note. Use Daily Diary/Backup only for chronology, time, location, attendees, and call status.","Source: George H.W. Bush Library, National Security Council, Presidential Memcon Files, [Memorandum of Conversations (Memcons)-January 1992-June 1992]: March 1992. Full release.",https://catalog.archives.gov/id/428082145,https://s3.us-east-1.amazonaws.com/NARAprodstorage/lz/presidential-libraries/bush/gb-nsc/321498039/1992-03-19--Zia.pdf
Confirmed record,,,,,,nsc-source-446396904,2.028,Review ledger,Pakistan,1992-07-10,"NSD-70 - July 10, 1992 - U.S. Nonproliferation Policy",Restricted - Possibly,101 pages,446396904; 90005-020,Records of the National Security Council (George H. W. Bush Administration) | H-Files - National Security Directive (NSD) Files | 90005-020 | 41-bpr-nsc-hfiles-nsd-70-90005-020.pdf,Review access status and confirm whether the item can be selected or only cited as withheld/restricted context. Resolve compiler risk: catalog-derived-source-note; declassification-review.,"Source: George H.W. Bush Library, National Security Council, H-Files, NSD Files, NSD-70 - July 10, 1992 - U.S. Nonproliferation Policy, 90005-020. Access restriction: Restricted - Possibly.",https://catalog.archives.gov/id/446396904,https://s3.amazonaws.com/NARAprodstorage/lz/presidential-libraries/bush/gb-nsc/H-Files/NSDs_313189290/41-bpr-nsc-hfiles-nsd-70-90005-020.pdf
Confirmed record,,,,,,bush-library-428082401,2.029,Released chronology,Pakistan,1992-12-03,Memorandum of Telephone Conversation,Partial,2 pages,428082401; [Memorandum of Telephone Conversations (Telcons) - July 1992-January 1993]:  December 1992,Records of the National Security Council (George H. W. Bush Administration) | Presidential Telcon Files | [Memorandum of Telephone Conversations (Telcons) - July 1992-January 1993]:  December 1992 | 1992-12-03--Sharif.pdf,"Check excisions and confirm whether the available text supports selection. Resolve compiler risk: catalog-derived-source-note. Use Daily Diary/Backup only for chronology, time, location, attendees, and call status.","Source: George H.W. Bush Library, National Security Council, Presidential Telcon Files, [Memorandum of Telephone Conversations (Telcons) - July 1992-January 1993]: December 1992. Partial release.",https://catalog.archives.gov/id/428082401,https://s3.us-east-1.amazonaws.com/NARAprodstorage/lz/presidential-libraries/bush/gb-nsc/321498139/1992-12-03--Sharif.pdf
Potential lead,,,,,,catalog-lead-470426266,,Critical; score 65,Regional: Bangladesh,1992-03-19,"President's Meeting with Prime Minister Zia of Bangladesh - March 19, 1992",High-priority source review lead; Online object available,,470426266,Records of the National Security Council (George H. W. Bush Administration) | Richard N. Haass' Meeting Files | Richard N. Haass' Meeting Files | NAID 470426266 | 41-bpr-nsc-haass_meeting-cf01447-024.pdf,"Screen PDF text and promote policy-bearing pages with page boundaries, source note, and exclusion rationale for nonselected pages.","Source: George H.W. Bush Library, National Security Council, Richard N. Haass' Meeting Files, President's Meeting with Prime Minister Zia of Bangladesh - March 19, 1992. Access restriction: Restricted - Possibly.",https://catalog.archives.gov/id/470426266,https://s3.dualstack.us-east-1.amazonaws.com/NARAprodstorage/lz/presidential-libraries/bush/gb-nsc/haass/meeting_2554866/41-bpr-nsc-haass_meeting-cf01447-024.pdf
Potential lead,,,,,,catalog-lead-470426145,,Critical; score 59,Regional: Kashmir,1989-01-20,Letters on Kashmir,High-priority source review lead; Online object available,,470426145,Records of the National Security Council (George H. W. Bush Administration) | Richard N. Haass' Correspondence Files | Richard N. Haass' Correspondence Files | NAID 470426145 | 41-bpr-nsc-haass_correspondence-cf01479-008.pdf,"Screen PDF text and promote policy-bearing pages with page boundaries, source note, and exclusion rationale for nonselected pages.","Source: George H.W. Bush Library, National Security Council, Richard N. Haass' Correspondence Files, Letters on Kashmir. Access restriction: Restricted - Possibly.",https://catalog.archives.gov/id/470426145,https://s3.dualstack.us-east-1.amazonaws.com/NARAprodstorage/lz/presidential-libraries/bush/gb-nsc/haass/correspondence_2554865/41-bpr-nsc-haass_correspondence-cf01479-008.pdf
Potential lead,,,,,,catalog-lead-470426225,,Critical; score 59,Regional: Kashmir,1990-03-26,"NSC/DC [Deputies Committee] Teleconference - March 26, 1990 Re: Kashmir",High-priority source review lead; Online object available,,470426225,Records of the National Security Council (George H. W. Bush Administration) | Richard N. Haass' Meeting Files | Richard N. Haass' Meeting Files | NAID 470426225 | 41-bpr-nsc-haass_meeting-cf01625-014.pdf,"Screen PDF text and promote policy-bearing pages with page boundaries, source note, and exclusion rationale for nonselected pages.","Source: George H.W. Bush Library, National Security Council, Richard N. Haass' Meeting Files, NSC/DC [Deputies Committee] Teleconference - March 26, 1990 Re: Kashmir. Access restriction: Restricted - Possibly.",https://catalog.archives.gov/id/470426225,https://s3.dualstack.us-east-1.amazonaws.com/NARAprodstorage/lz/presidential-libraries/bush/gb-nsc/haass/meeting_2554866/41-bpr-nsc-haass_meeting-cf01625-014.pdf
Potential lead,,,,,,catalog-lead-645608041,,Critical; score 47,Regional: Bangladesh,1989-01-20,Bangladesh,High-priority source review lead; Online object available,,645608041,Richard Cheney Collection | Country Files | Country Files | NAID 645608041 | 41-bpr-dhm-cheney-country-31842-009.pdf,"Screen PDF text and promote policy-bearing pages with page boundaries, source note, and exclusion rationale for nonselected pages.","Source: George H.W. Bush Library, Richard Cheney Collection, Country Files, Bangladesh. Access restriction: Restricted - Partly.",https://catalog.archives.gov/id/645608041,https://s3.amazonaws.com/NARAprodstorage/lz/presidential-libraries/bush/gb-rbc/country_470572294/41-bpr-dhm-cheney-country-31842-009.pdf
Potential lead,,,,,,catalog-lead-470426597,,High; score 50,Afghanistan,1989-01-01,Working Files - Afghanistan 1989-1992 [2],High-priority source review lead; Online object available,,470426597,Records of the National Security Council (George H. W. Bush Administration) | Richard N. Haass' Working Files | Richard N. Haass' Working Files | NAID 470426597 | 41-bpr-nsc-haass_working-cf01304-011.pdf,"Screen PDF text and promote policy-bearing pages with page boundaries, source note, and exclusion rationale for nonselected pages.","Source: George H.W. Bush Library, National Security Council, Richard N. Haass' Working Files, Working Files - Afghanistan 1989-1992 [2]. Access restriction: Restricted - Possibly.",https://catalog.archives.gov/id/470426597,https://s3.dualstack.us-east-1.amazonaws.com/NARAprodstorage/lz/presidential-libraries/bush/gb-nsc/haass/working_2554877/41-bpr-nsc-haass_working-cf01304-011.pdf
Potential lead,,,,,,catalog-lead-645607685,,High; score 50,Afghanistan,1989-01-20,Afghanistan,High-priority source review lead; Online object available,,645607685,Richard Cheney Collection | Country Files | Country Files | NAID 645607685 | 41-bpr-dhm-cheney-country-31827-001.pdf,"Screen PDF text and promote policy-bearing pages with page boundaries, source note, and exclusion rationale for nonselected pages.","Source: George H.W. Bush Library, Richard Cheney Collection, Country Files, Afghanistan. Unrestricted.",https://catalog.archives.gov/id/645607685,https://s3.amazonaws.com/NARAprodstorage/lz/presidential-libraries/bush/gb-rbc/country_470572294/41-bpr-dhm-cheney-country-31827-001.pdf
Potential lead,,,,,,catalog-lead-470426255,,High; score 50,Afghanistan,1989-01-20,Afghanistan - Charles,High-priority source review lead; Online object available,,470426255,Records of the National Security Council (George H. W. Bush Administration) | Richard N. Haass' Meeting Files | Richard N. Haass' Meeting Files | NAID 470426255 | 41-bpr-nsc-haass_meeting-cf01447-013.pdf,"Screen PDF text and promote policy-bearing pages with page boundaries, source note, and exclusion rationale for nonselected pages.","Source: George H.W. Bush Library, National Security Council, Richard N. Haass' Meeting Files, Afghanistan - Charles. Access restriction: Restricted - Possibly.",https://catalog.archives.gov/id/470426255,https://s3.dualstack.us-east-1.amazonaws.com/NARAprodstorage/lz/presidential-libraries/bush/gb-nsc/haass/meeting_2554866/41-bpr-nsc-haass_meeting-cf01447-013.pdf
Potential lead,,,,,,catalog-lead-645607321,,High; score 50,Afghanistan,1989-01-20,Afghanistan [1],High-priority source review lead; Online object available,,645607321,Richard Cheney Collection | Country Files | Country Files | NAID 645607321 | 41-bpr-dhm-cheney-country-31812-001.pdf,"Screen PDF text and promote policy-bearing pages with page boundaries, source note, and exclusion rationale for nonselected pages.","Source: George H.W. Bush Library, Richard Cheney Collection, Country Files, Afghanistan [1]. Access restriction: Restricted - Partly.",https://catalog.archives.gov/id/645607321,https://s3.amazonaws.com/NARAprodstorage/lz/presidential-libraries/bush/gb-rbc/country_470572294/41-bpr-dhm-cheney-country-31812-001.pdf
Potential lead,,,,,,catalog-lead-645607323,,High; score 50,Afghanistan,1989-01-20,Afghanistan [2],High-priority source review lead; Online object available,,645607323,Richard Cheney Collection | Country Files | Country Files | NAID 645607323 | 41-bpr-dhm-cheney-country-31812-002.pdf,"Screen PDF text and promote policy-bearing pages with page boundaries, source note, and exclusion rationale for nonselected pages.","Source: George H.W. Bush Library, Richard Cheney Collection, Country Files, Afghanistan [2]. Access restriction: Restricted - Partly.",https://catalog.archives.gov/id/645607323,https://s3.amazonaws.com/NARAprodstorage/lz/presidential-libraries/bush/gb-rbc/country_470572294/41-bpr-dhm-cheney-country-31812-002.pdf
Potential lead,,,,,,catalog-lead-470437053,,High; score 50,Pakistan,1989-01-20,Pakistan-India,High-priority source review lead; Online object available,,470437053,Records of the National Security Council (George H. W. Bush Administration) | Robert M. Gates' Subject Files | Robert M. Gates' Subject Files | NAID 470437053 | 41-bpr-nsc-gates-subj-cf00946-012.pdf,"Screen PDF text and promote policy-bearing pages with page boundaries, source note, and exclusion rationale for nonselected pages.","Source: George H.W. Bush Library, National Security Council, Robert M. Gates' Subject Files, Pakistan-India. Access restriction: Restricted - Possibly.",https://catalog.archives.gov/id/470437053,https://s3.dualstack.us-east-1.amazonaws.com/NARAprodstorage/lz/presidential-libraries/bush/gb-nsc/gates/subject_2554843/41-bpr-nsc-gates-subj-cf00946-012.pdf
Potential lead,,,,,,catalog-lead-645607415,,High; score 47,India,1989-01-20,India,High-priority source review lead; Online object available,,645607415,Richard Cheney Collection | Country Files | Country Files | NAID 645607415 | 41-bpr-dhm-cheney-country-31815-004.pdf,"Screen PDF text and promote policy-bearing pages with page boundaries, source note, and exclusion rationale for nonselected pages.","Source: George H.W. Bush Library, Richard Cheney Collection, Country Files, India. Access restriction: Restricted - Partly.",https://catalog.archives.gov/id/645607415,https://s3.amazonaws.com/NARAprodstorage/lz/presidential-libraries/bush/gb-rbc/country_470572294/41-bpr-dhm-cheney-country-31815-004.pdf
Potential lead,,,,,,catalog-lead-645608141,,High; score 47,India,1989-01-20,India [1],High-priority source review lead; Online object available,,645608141,Richard Cheney Collection | Country Files | Country Files | NAID 645608141 | 41-bpr-dhm-cheney-country-31847-001.pdf,"Screen PDF text and promote policy-bearing pages with page boundaries, source note, and exclusion rationale for nonselected pages.","Source: George H.W. Bush Library, Richard Cheney Collection, Country Files, India [1]. Access restriction: Restricted - Partly.",https://catalog.archives.gov/id/645608141,https://s3.amazonaws.com/NARAprodstorage/lz/presidential-libraries/bush/gb-rbc/country_470572294/41-bpr-dhm-cheney-country-31847-001.pdf
Potential lead,,,,,,catalog-lead-645607135,,High; score 47,India,1989-01-20,India [1],High-priority source review lead; Online object available,,645607135,Richard Cheney Collection | Country Files | Country Files | NAID 645607135 | 41-bpr-dhm-cheney-country-31802-007.pdf,"Screen PDF text and promote policy-bearing pages with page boundaries, source note, and exclusion rationale for nonselected pages.","Source: George H.W. Bush Library, Richard Cheney Collection, Country Files, India [1]. Access restriction: Restricted - Partly.",https://catalog.archives.gov/id/645607135,https://s3.amazonaws.com/NARAprodstorage/lz/presidential-libraries/bush/gb-rbc/country_470572294/41-bpr-dhm-cheney-country-31802-007.pdf
Potential lead,,,,,,catalog-lead-645608143,,High; score 47,India,1989-01-20,India [2],High-priority source review lead; Online object available,,645608143,Richard Cheney Collection | Country Files | Country Files | NAID 645608143 | 41-bpr-dhm-cheney-country-31847-002.pdf,"Screen PDF text and promote policy-bearing pages with page boundaries, source note, and exclusion rationale for nonselected pages.","Source: George H.W. Bush Library, Richard Cheney Collection, Country Files, India [2]. Access restriction: Restricted - Partly.",https://catalog.archives.gov/id/645608143,https://s3.amazonaws.com/NARAprodstorage/lz/presidential-libraries/bush/gb-rbc/country_470572294/41-bpr-dhm-cheney-country-31847-002.pdf
Potential lead,,,,,,catalog-lead-645607137,,High; score 47,India,1989-01-20,India [2],High-priority source review lead; Online object available,,645607137,Richard Cheney Collection | Country Files | Country Files | NAID 645607137 | 41-bpr-dhm-cheney-country-31802-008.pdf,"Screen PDF text and promote policy-bearing pages with page boundaries, source note, and exclusion rationale for nonselected pages.","Source: George H.W. Bush Library, Richard Cheney Collection, Country Files, India [2]. Access restriction: Restricted - Partly.",https://catalog.archives.gov/id/645607137,https://s3.amazonaws.com/NARAprodstorage/lz/presidential-libraries/bush/gb-rbc/country_470572294/41-bpr-dhm-cheney-country-31802-008.pdf
Potential lead,,,,,,catalog-lead-645607805,,High; score 47,India,1989-01-20,India [A],High-priority source review lead; Online object available,,645607805,Richard Cheney Collection | Country Files | Country Files | NAID 645607805 | 41-bpr-dhm-cheney-country-31832-001.pdf,"Screen PDF text and promote policy-bearing pages with page boundaries, source note, and exclusion rationale for nonselected pages.","Source: George H.W. Bush Library, Richard Cheney Collection, Country Files, India [A]. Access restriction: Restricted - Partly.",https://catalog.archives.gov/id/645607805,https://s3.amazonaws.com/NARAprodstorage/lz/presidential-libraries/bush/gb-rbc/country_470572294/41-bpr-dhm-cheney-country-31832-001.pdf
Potential lead,,,,,,catalog-lead-645607807,,High; score 47,India,1989-01-20,India [B],High-priority source review lead; Online object available,,645607807,Richard Cheney Collection | Country Files | Country Files | NAID 645607807 | 41-bpr-dhm-cheney-country-31832-002.pdf,"Screen PDF text and promote policy-bearing pages with page boundaries, source note, and exclusion rationale for nonselected pages.","Source: George H.W. Bush Library, Richard Cheney Collection, Country Files, India [B]. Access restriction: Restricted - Partly.",https://catalog.archives.gov/id/645607807,https://s3.amazonaws.com/NARAprodstorage/lz/presidential-libraries/bush/gb-rbc/country_470572294/41-bpr-dhm-cheney-country-31832-002.pdf
Potential lead,,,,,,catalog-lead-645608235,,High; score 47,Pakistan,1989-01-20,Pakistan,High-priority source review lead; Online object available,,645608235,Richard Cheney Collection | Country Files | Country Files | NAID 645608235 | 41-bpr-dhm-cheney-country-31850-010.pdf,"Screen PDF text and promote policy-bearing pages with page boundaries, source note, and exclusion rationale for nonselected pages.","Source: George H.W. Bush Library, Richard Cheney Collection, Country Files, Pakistan. Access restriction: Restricted - Partly.",https://catalog.archives.gov/id/645608235,https://s3.amazonaws.com/NARAprodstorage/lz/presidential-libraries/bush/gb-rbc/country_470572294/41-bpr-dhm-cheney-country-31850-010.pdf
Potential lead,,,,,,catalog-lead-645607905,,High; score 47,Pakistan,1989-01-20,Pakistan [A],High-priority source review lead; Online object available,,645607905,Richard Cheney Collection | Country Files | Country Files | NAID 645607905 | 41-bpr-dhm-cheney-country-31836-005.pdf,"Screen PDF text and promote policy-bearing pages with page boundaries, source note, and exclusion rationale for nonselected pages.","Source: George H.W. Bush Library, Richard Cheney Collection, Country Files, Pakistan [A]. Access restriction: Restricted - Partly.",https://catalog.archives.gov/id/645607905,https://s3.amazonaws.com/NARAprodstorage/lz/presidential-libraries/bush/gb-rbc/country_470572294/41-bpr-dhm-cheney-country-31836-005.pdf
Potential lead,,,,,,catalog-lead-645607531,,High; score 47,Pakistan,1989-01-20,Pakistan [A],High-priority source review lead; Online object available,,645607531,Richard Cheney Collection | Country Files | Country Files | NAID 645607531 | 41-bpr-dhm-cheney-country-31820-001.pdf,"Screen PDF text and promote policy-bearing pages with page boundaries, source note, and exclusion rationale for nonselected pages.","Source: George H.W. Bush Library, Richard Cheney Collection, Country Files, Pakistan [A]. Access restriction: Restricted - Partly.",https://catalog.archives.gov/id/645607531,https://s3.amazonaws.com/NARAprodstorage/lz/presidential-libraries/bush/gb-rbc/country_470572294/41-bpr-dhm-cheney-country-31820-001.pdf
Potential lead,,,,,,catalog-lead-645607533,,High; score 47,Pakistan,1989-01-20,Pakistan [B],High-priority source review lead; Online object available,,645607533,Richard Cheney Collection | Country Files | Country Files | NAID 645607533 | 41-bpr-dhm-cheney-country-31820-002.pdf,"Screen PDF text and promote policy-bearing pages with page boundaries, source note, and exclusion rationale for nonselected pages.","Source: George H.W. Bush Library, Richard Cheney Collection, Country Files, Pakistan [B]. Access restriction: Restricted - Partly.",https://catalog.archives.gov/id/645607533,https://s3.amazonaws.com/NARAprodstorage/lz/presidential-libraries/bush/gb-rbc/country_470572294/41-bpr-dhm-cheney-country-31820-002.pdf
Potential lead,,,,,,catalog-lead-645607907,,High; score 47,Pakistan,1989-01-20,Pakistan [B],High-priority source review lead; Online object available,,645607907,Richard Cheney Collection | Country Files | Country Files | NAID 645607907 | 41-bpr-dhm-cheney-country-31836-006.pdf,"Screen PDF text and promote policy-bearing pages with page boundaries, source note, and exclusion rationale for nonselected pages.","Source: George H.W. Bush Library, Richard Cheney Collection, Country Files, Pakistan [B]. Access restriction: Restricted - Partly.",https://catalog.archives.gov/id/645607907,https://s3.amazonaws.com/NARAprodstorage/lz/presidential-libraries/bush/gb-rbc/country_470572294/41-bpr-dhm-cheney-country-31836-006.pdf
Potential lead,,,,,,public-paper-lead-PPP-1992-book2-doc-pg1772,,Medium; score 54,Afghanistan,1992-10-07,Presidential Determination No. 93-3--Memorandum on Trade With Afghanistan,Locator for internal decision file; Public presidential statement,,,Public Papers of the Presidents of the United States: George H. W. Bush | PPP-1992-book2,"Use to find clearance, certification, sanctions, aid, trade, or congressional-reporting files; promote only if the public text itself is selected.","Source: Public Papers of the Presidents of the United States: George H.W. Bush, October 7, 1992, ""Presidential Determination No. 93-3--Memorandum on Trade With Afghanistan"", GovInfo package PPP-1992-book2, granule PPP-1992-book2-doc-pg1772.",,https://www.govinfo.gov/content/pkg/PPP-1992-book2/pdf/PPP-1992-book2-doc-pg1772.pdf
Potential lead,,,,,,public-paper-lead-PPP-1992-book1-doc-pg351,,Medium; score 48,Afghanistan,1992-02-28,Presidential Determination No. 92-18--Memorandum on Certification for Major Narcotics Producing and Transit Countries,Locator for internal decision file; Public presidential statement,,,Public Papers of the Presidents of the United States: George H. W. Bush | PPP-1992-book1,"Use to find clearance, certification, sanctions, aid, trade, or congressional-reporting files; promote only if the public text itself is selected.","Source: Public Papers of the Presidents of the United States: George H.W. Bush, February 28, 1992, ""Presidential Determination No. 92-18--Memorandum on Certification for Major Narcotics Producing and Transit Countries"", GovInfo package PPP-1992-book1, granule PPP-1992-book1-doc-pg351.",,https://www.govinfo.gov/content/pkg/PPP-1992-book1/pdf/PPP-1992-book1-doc-pg351.pdf
Potential lead,,,,,,public-paper-lead-PPP-1992-book2-doc-pg2264,,Medium; score 46,Pakistan,1993-01-19,Letter to Congressional Leaders Reporting on Nuclear Nonproliferation,Locator for internal decision file; Public presidential statement,,,Public Papers of the Presidents of the United States: George H. W. Bush | PPP-1992-book2,"Use to find clearance, certification, sanctions, aid, trade, or congressional-reporting files; promote only if the public text itself is selected.","Source: Public Papers of the Presidents of the United States: George H.W. Bush, January 19, 1993, ""Letter to Congressional Leaders Reporting on Nuclear Nonproliferation"", GovInfo package PPP-1992-book2, granule PPP-1992-book2-doc-pg2264.",,https://www.govinfo.gov/content/pkg/PPP-1992-book2/pdf/PPP-1992-book2-doc-pg2264.pdf
Potential lead,,,,,,public-paper-lead-PPP-1992-book2-doc-pg1740,,Medium; score 42,Regional,1992-10-02,Presidential Determination No. 93-1--Memorandum on Refugee Admissions,Locator for internal decision file; Public presidential statement,,,Public Papers of the Presidents of the United States: George H. W. Bush | PPP-1992-book2,"Use to find clearance, certification, sanctions, aid, trade, or congressional-reporting files; promote only if the public text itself is selected.","Source: Public Papers of the Presidents of the United States: George H.W. Bush, October 2, 1992, ""Presidential Determination No. 93-1--Memorandum on Refugee Admissions"", GovInfo package PPP-1992-book2, granule PPP-1992-book2-doc-pg1740.",,https://www.govinfo.gov/content/pkg/PPP-1992-book2/pdf/PPP-1992-book2-doc-pg1740.pdf
Potential lead,,,,,,public-paper-lead-PPP-1992-book1-doc-pg473,,Medium; score 40,Regional,1992-03-19,Statement by Press Secretary Fitzwater on the President's Meeting With Prime Minister Begum Khaleda Zia of Bangladesh,Review lead; Public presidential statement,,,Public Papers of the Presidents of the United States: George H. W. Bush | PPP-1992-book1,Review before promotion.,"Source: Public Papers of the Presidents of the United States: George H.W. Bush, March 19, 1992, ""Statement by Press Secretary Fitzwater on the President's Meeting With Prime Minister Begum Khaleda Zia of Bangladesh"", GovInfo package PPP-1992-book1, granule PPP-1992-book1-doc-pg473.",,https://www.govinfo.gov/content/pkg/PPP-1992-book1/pdf/PPP-1992-book1-doc-pg473.pdf
Potential lead,,,,,,public-paper-lead-PPP-1992-book2-doc-pg1729,,Medium; score 38,Pakistan,1992-09-30,Presidential Determination No. 92-49--Memorandum on Disaster Assistance for Pakistan,Locator for internal decision file; Public presidential statement,,,Public Papers of the Presidents of the United States: George H. W. Bush | PPP-1992-book2,"Use to find clearance, certification, sanctions, aid, trade, or congressional-reporting files; promote only if the public text itself is selected.","Source: Public Papers of the Presidents of the United States: George H.W. Bush, September 30, 1992, ""Presidential Determination No. 92-49--Memorandum on Disaster Assistance for Pakistan"", GovInfo package PPP-1992-book2, granule PPP-1992-book2-doc-pg1729.",,https://www.govinfo.gov/content/pkg/PPP-1992-book2/pdf/PPP-1992-book2-doc-pg1729.pdf
Potential lead,,,,,,catalog-lead-286185941,,Medium; score 33,Regional,1989-01-20,"Milam, William - AMB to Bangladesh",Review lead; Online object available,,286185941,Records of the White House Office of Presidential Personnel (George H. W. Bush Administration) | Katja Bullock Appointment Files | Katja Bullock Appointment Files | NAID 286185941 | 41-bpr-pers-bullock-appt-07091-008.pdf,Review before promotion.,"Source: George H.W. Bush Library, White House Office of Presidential Personnel, Katja Bullock Appointment Files, Milam, William - AMB to Bangladesh. Access restriction: Restricted - Possibly.",https://catalog.archives.gov/id/286185941,https://s3.amazonaws.com/NARAprodstorage/lz/presidential-libraries/bush/foia/2000/Batch0001/41-bpr-pers-bullock-appt-07091-008.pdf
Potential lead,,,,,,public-paper-lead-PPP-1992-book1-doc-pg579,,Low; score 44,Afghanistan,1992-04-10,The President's News Conference,Chronology-only public context; Public presidential statement,,,Public Papers of the Presidents of the United States: George H. W. Bush | PPP-1992-book1,Keep as context; do not promote unless linked internal policy memoranda are found.,"Source: Public Papers of the Presidents of the United States: George H.W. Bush, April 10, 1992, ""The President's News Conference"", GovInfo package PPP-1992-book1, granule PPP-1992-book1-doc-pg579.",,https://www.govinfo.gov/content/pkg/PPP-1992-book1/pdf/PPP-1992-book1-doc-pg579.pdf
Potential lead,,,,,,public-paper-lead-PPP-1992-book1-doc-pg820-2,,Low; score 44,Afghanistan,1992-05-27,"Remarks at the United States Naval Academy Commencement Ceremony in Annapolis, Maryland",Chronology-only public context; Public presidential statement,,,Public Papers of the Presidents of the United States: George H. W. Bush | PPP-1992-book1,Keep as context; do not promote unless linked internal policy memoranda are found.,"Source: Public Papers of the Presidents of the United States: George H.W. Bush, May 27, 1992, ""Remarks at the United States Naval Academy Commencement Ceremony in Annapolis, Maryland"", GovInfo package PPP-1992-book1, granule PPP-1992-book1-doc-pg820-2.",,https://www.govinfo.gov/content/pkg/PPP-1992-book1/pdf/PPP-1992-book1-doc-pg820-2.pdf
Potential lead,,,,,,public-paper-lead-PPP-1992-book1-doc-pg953,,Low; score 44,Afghanistan,1992-06-17,The President's News Conference With President Boris Yeltsin of Russia,Chronology-only public context; Public presidential statement,,,Public Papers of the Presidents of the United States: George H. W. Bush | PPP-1992-book1,Keep as context; do not promote unless linked internal policy memoranda are found.,"Source: Public Papers of the Presidents of the United States: George H.W. Bush, June 17, 1992, ""The President's News Conference With President Boris Yeltsin of Russia"", GovInfo package PPP-1992-book1, granule PPP-1992-book1-doc-pg953.",,https://www.govinfo.gov/content/pkg/PPP-1992-book1/pdf/PPP-1992-book1-doc-pg953.pdf
Potential lead,,,,,,public-paper-lead-PPP-1992-book1-doc-pg725-2,,Low; score 40,Regional,1992-05-07,Nomination of Teresita Currie Schaffer To Be United States Ambassador to Sri Lanka and Maldives,Chronology-only public context; Public presidential statement,,,Public Papers of the Presidents of the United States: George H. W. Bush | PPP-1992-book1,Keep as context; do not promote unless linked internal policy memoranda are found.,"Source: Public Papers of the Presidents of the United States: George H.W. Bush, May 7, 1992, ""Nomination of Teresita Currie Schaffer To Be United States Ambassador to Sri Lanka and Maldives"", GovInfo package PPP-1992-book1, granule PPP-1992-book1-doc-pg725-2.",,https://www.govinfo.gov/content/pkg/PPP-1992-book1/pdf/PPP-1992-book1-doc-pg725-2.pdf
Potential lead,,,,,,public-paper-lead-PPP-1992-book1-doc-pg302,,Low; score 38,India,1992-02-24,Nomination of Thomas R. Pickering To Be United States Ambassador to India,Chronology-only public context; Public presidential statement,,,Public Papers of the Presidents of the United States: George H. W. Bush | PPP-1992-book1,Keep as context; do not promote unless linked internal policy memoranda are found.,"Source: Public Papers of the Presidents of the United States: George H.W. Bush, February 24, 1992, ""Nomination of Thomas R. Pickering To Be United States Ambassador to India"", GovInfo package PPP-1992-book1, granule PPP-1992-book1-doc-pg302.",,https://www.govinfo.gov/content/pkg/PPP-1992-book1/pdf/PPP-1992-book1-doc-pg302.pdf
Potential lead,,,,,,public-paper-lead-PPP-1992-book1-doc-pg1118,,Low; score 38,Pakistan,1992-07-14,Nomination of John Cameron Monjo To Be United States Ambassador to Pakistan,Chronology-only public context; Public presidential statement,,,Public Papers of the Presidents of the United States: George H. W. Bush | PPP-1992-book1,Keep as context; do not promote unless linked internal policy memoranda are found.,"Source: Public Papers of the Presidents of the United States: George H.W. Bush, July 14, 1992, ""Nomination of John Cameron Monjo To Be United States Ambassador to Pakistan"", GovInfo package PPP-1992-book1, granule PPP-1992-book1-doc-pg1118.",,https://www.govinfo.gov/content/pkg/PPP-1992-book1/pdf/PPP-1992-book1-doc-pg1118.pdf
Potential lead,,,,,,catalog-lead-323150513,,Low; score 33,Pakistan,1989-01-20,Bhutto Departure 6/6/89,Locator/context lead; Online object available,,323150513,Records of the White House Office of Speechwriting (George H. W. Bush Administration) | Speech Draft Files | Speech Draft Files | NAID 323150513 | 41-bpr-speech-draft-chron-13490-003_323150513.pdf,Use only to locate event files or related internal memoranda.,"Source: George H.W. Bush Library, White House Office of Speechwriting, Speech Draft Files, Bhutto Departure 6/6/89. Access restriction: Restricted - Possibly.",https://catalog.archives.gov/id/323150513,https://s3.amazonaws.com/NARAprodstorage/lz/presidential-libraries/bush/gb-spe/speechwriting_draft_chron_578973/41-bpr-speech-draft-chron-13490-003_323150513.pdf
Potential lead,,,,,,catalog-lead-323152491,,Low; score 33,Pakistan,1989-01-20,Departure Statement for Prime Minister Bhutto 6/6/89 [OA 6264],Locator/context lead; Online object available,,323152491,Records of the White House Office of Speechwriting (George H. W. Bush Administration) | Speech Backup Chronological Files | Speech Backup Chronological Files | NAID 323152491 | 41-bpr-speech-backup-chron-13671-005_323152491.pdf,Use only to locate event files or related internal memoranda.,"Source: George H.W. Bush Library, White House Office of Speechwriting, Speech Backup Chronological Files, Departure Statement for Prime Minister Bhutto 6/6/89 [OA 6264]. Access restriction: Restricted - Possibly.",https://catalog.archives.gov/id/323152491,https://s3.amazonaws.com/NARAprodstorage/lz/presidential-libraries/bush/gb-spe/speechwriting_backup_chron_579003/41-bpr-speech-backup-chron-13671-005_323152491.pdf
Potential lead,,,,,,catalog-lead-543965098,,Low; score 33,Regional,1992-11-02,WHPO-P37850,Locator/context lead; Online object available,,543965098,Records of the White House Photograph Office | George H. W. Bush Presidential Photographs | NAID 543965098 | 41-AV-P37850-11021992.jpg,Use only to locate event files or related internal memoranda.,"Source: George H.W. Bush Library, White House Photograph Office, George H. W. Bush Presidential Photographs, WHPO-P37850. Unrestricted.",https://catalog.archives.gov/id/543965098,https://s3.amazonaws.com/NARAprodstorage/lz/presidential-libraries/bush/gb-whpo/186364/P37850/41-AV-P37850-11021992.jpg
Potential lead,,,,,,public-paper-lead-PPP-1992-book1-doc-pg944,,Low; score 28,Afghanistan,1992-06-16,Remarks With President Boris Yeltsin of Russia Announcing Strategic Arms Reductions and an Exchange With Reporters,Chronology-only public context; Public presidential statement,,,Public Papers of the Presidents of the United States: George H. W. Bush | PPP-1992-book1,Keep as context; do not promote unless linked internal policy memoranda are found.,"Source: Public Papers of the Presidents of the United States: George H.W. Bush, June 16, 1992, ""Remarks With President Boris Yeltsin of Russia Announcing Strategic Arms Reductions and an Exchange With Reporters"", GovInfo package PPP-1992-book1, granule PPP-1992-book1-doc-pg944.",,https://www.govinfo.gov/content/pkg/PPP-1992-book1/pdf/PPP-1992-book1-doc-pg944.pdf
Potential lead,,,,,,public-paper-lead-PPP-1992-book1-doc-pg1150,,Low; score 28,Afghanistan,1992-07-21,"Remarks to Religious and Ethnic Groups in Garfield, New Jersey",Chronology-only public context; Public presidential statement,,,Public Papers of the Presidents of the United States: George H. W. Bush | PPP-1992-book1,Keep as context; do not promote unless linked internal policy memoranda are found.,"Source: Public Papers of the Presidents of the United States: George H.W. Bush, July 21, 1992, ""Remarks to Religious and Ethnic Groups in Garfield, New Jersey"", GovInfo package PPP-1992-book1, granule PPP-1992-book1-doc-pg1150.",,https://www.govinfo.gov/content/pkg/PPP-1992-book1/pdf/PPP-1992-book1-doc-pg1150.pdf
Compiler gap,,,,,,gap-haass-page-level-extraction,,Critical,Source Extraction,,Recover page-level boundaries in Haass and meeting-file PDFs,Partly remediated,,470426597; 470426255; 470426381; 428082145; 470426231; 470426238; 470426240,Richard N. Haass' Working Files; Richard N. Haass' Meeting Files; Bush Library Memcons and Telcons; H-Files NSC/DC Meetings,"Prioritize Haass Working Files 470426597, Haass Meeting File 470426255, Mojaddedi 470426381, Bangladesh Zia 428082145, and Pakistan nuclear meeting files 470426231, 470426238, and 470426240.",Item-level page ranges and titles still need review for folder-level Haass PDFs; page-count zeros have been removed where online PDFs are available.,,
Compiler gap,,,,,,gap-india-policy-lane,,High,India,,Build an India policy lane beyond leader conversations,Open,,645607415; 645608141; 645607135; 645608143; 645607137; 645607805; 645607807; 470437053,Richard Cheney Collection Country Files; Robert M. Gates Subject Files; Richard N. Haass files; WHORM; State Department central files,"Search India with Rao, Venkataraman, Gandhi, Shankar, Kashmir, nuclear, nonproliferation, economic reform, trade, and defense terms.","Run focused Haass, Gates, WHORM, State, and catalog searches for India policy themes instead of relying on leader calls and Cheney country folders.",,
Compiler gap,,,,,,gap-pakistan-nuclear-companion-sources,,High,Pakistan,,Pair the Pakistan nuclear sequence with non-H-Files sources,Open,,470437053; 470426231; 470426238; 470426240; 645608235; 645607905; 645607531; 645607533; 645607907; 323150513; 323152491,Robert M. Gates Subject Files; Richard Cheney Collection Country Files; H-Files NSC/DC Meetings; Bush Library speech and event files,"Prioritize Gates Subject File 470437053 and Pakistan H-Files 470426231, 470426238, and 470426240.","Integrate Gates, Cheney, and Haass companion files before treating the Pakistan nuclear policy arc as complete.",,
Compiler gap,,,,,,gap-cheney-country-files,,High,Source Expansion,,Screen Cheney Country Files before closing the source search,Triaged,,645607685; 645607321; 645607323; 645608235; 645607905; 645607531; 645607533; 645607907; 645607415; 645608141; 645607135; 645608143; 645607137; 645607805; 645607807; 645608041,Richard Cheney Collection; Country Files,"Review Afghanistan files 645607685, 645607321, and 645607323.","Screen the Cheney PDFs, score policy-bearing pages, and decide which should become confirmed candidate documents or source-note/context material.",,
Compiler gap,,,,,,gap-regional-kashmir-bangladesh-split,,High,Regional,,"Split the Regional lane into Kashmir, Bangladesh, and other South Asia tracks",Triaged,,470426145; 470426225; 428082145; 470426266; 645608041; 286185941; 543965098,Richard N. Haass Correspondence Files; Richard N. Haass Meeting Files; Cheney Country Files; Public Papers; WHPO,Promote Kashmir leads 470426145 and 470426225 into a focused review queue.,Separate sub-lanes so Kashmir and Bangladesh can be evaluated on their own document merits while lower-confidence public references remain contextual.,,
Compiler gap,,,,,,gap-source-note-quality,,Medium,Metadata Quality,,"Audit source notes, titles, and provenance before final numbering",Open,,428080057; 428080317; 428081443; 428082145,Brent Scowcroft Papers; Bush Library Memcons and Telcons; National Archives Catalog,Spot-check Scowcroft-derived presidential conversation titles against PDF or catalog title pages.,Run a metadata audit after the page-level pass and before treating compiler numbering as final.,,
Compiler gap,,,,,,gap-public-papers-curation,,Medium,Public Record,,"Curate Public Papers as locators, not automatic document candidates",Triaged,,,Public Papers of the Presidents; GovInfo; WHORM; Bush Library event files,Keep broad news conferences and speeches out of the confirmed record set unless they contain document-level South Asia policy decisions.,"Classify each public item as selected text, locator for internal files, chronology-only context, or out-of-scope mention.",,
